,bbl,document_id,res_unit,total_units_doc,prop_units,document_amt,price_per_blgd,ppu,percent_trans,units_bought,percent_trans_edited,percent_trans_ppu_edited,seq,z_percent_trans_ppu,boro,year,p1_count,p1_a_name,p1_a_address_1,p1_a_address_2,p1_a_city,p1_a_state,p1_a_zip,BORO,BLOCK,FROM_LOT,TO_LOT,FILING YEAR,REGULATED,UNREGULATED,OFFICE,OWNER/RELATED SPACE,GOV. RENTAL SUBSIDIES,TOTAL INCOME FROM REAL ESTATE,TOTAL EXPENSES,AMORTIZED LEASE AND TENANT IMP. COSTS,REPAIRS AND MAINT.,tract_10,cap rate
0,1004350011,2020090100498001.0,10,10,1.0,8500000,8500000,850000,100.0,10.0,100.0,"$850,000",1,0.815,1,2020,1,94 ST MARKS LLC,C/O: PENN SOUTH CAPITAL,"41 MADISON AVE, 31ST FLOOR",NEW YORK,NY,10010,1,00435,0011,,2021,,163371.0,,,,371827.0,604802.0,,181512.0,,-2.7408823529411763
1,1004180047,2020092100801001.0,22,22,1.0,5350000,5350000,243182,100.0,22.0,100.0,"$243,182",1,-0.417,1,2020,1,109 ELDRIDGE LLC,"C/O KOSSOFF, PLLC","217 BROADWAY, SUITE 401",NEW YORK,NY,10007,1,00418,0047,,2021,119722.0,166891.0,,,,367698.0,195124.0,18753.0,45560.0,,3.225682242990654
2,2028970127,2020100600038002.0,46,46,1.0,5000000,5000000,108696,100.0,46.0,100.0,"$108,696",1,-0.814,2,2020,1,FITZPATRICK HOUSE III LLC,44 WARBURTON AVENUE,1ST FL,YONKERS,NY,10701,2,02897,0127,,2021,480401.0,,,,29542.0,509943.0,327277.0,,65749.0,36005016700.0,3.65332
3,4006330078,2020100600777001.0,60,60,1.0,15600000,15600000,260000,100.0,60.0,100.0,"$260,000",1,0.162,4,2020,2,"ANDREW LATOS, EXECUTOR","23-25 31ST STREET, SUITE 410",,ASTORIA,NY,11105,4,00633,0078,,2021,455811.0,629454.0,,,,1087015.0,,,66790.0,,
4,3012190056,2020101200218001.0,21,21,1.0,4330000,4330000,206190,100.0,21.0,100.0,"$206,190",1,-0.446,3,2020,1,3047 LLC,165 COLERIDGE STREET,,BROOKLYN,NY,11235,3,01219,0056,,2021,157583.0,229092.0,,,,393020.0,172158.0,11667.0,75127.0,,5.100739030023095
5,2031560027,2020101500979001.0,78,78,1.0,11500000,11500000,147436,100.0,78.0,100.0,"$147,436",1,-0.352,2,2020,1,2055 A. LLC,C/O:. THE MORGAN GROUP,"ONE SOUND SHORE DRIVE, SUITE 203",GREENWICH,CT,6830,2,03156,0027,,2021,1088416.0,,,,,1088416.0,555507.0,,77664.0,,4.633991304347826
6,1012110003,2020101900386001.0,8,8,1.0,6350000,6350000,793750,100.0,8.0,100.0,"$793,750",1,0.701,1,2020,1,COOKSTOWN REALTY CORP.,425 AMSTERDAM AVENUE,,NEW YORK,NY,10024,1,01211,0003,,2021,83351.0,,,,,136554.0,82694.0,22808.0,4392.0,,0.8481889763779528
7,3014830003,2020102000473001.0,57,57,1.0,30600000,30600000,536842,100.0,57.0,100.0,"$536,842",1,0.585,3,2020,1,75 RALPH DEVELOPMENT LLC,C/O BRUMAN REALTY,143 DIVISION AVENUE,BROOKLYN,NY,11211,3,01483,0003,,2021,1362482.0,,,,,1383250.0,472343.0,53453.0,80956.0,36047037500.0,2.9768202614379087
8,3019690022,2020102000642001.0,81,81,1.0,46300000,46300000,571605,100.0,81.0,100.0,"$571,605",1,0.693,3,2020,1,10 LEX HOLDINGS LLC,C/O BRUMAN REALTY,143 DIVISION AVENUE,BROOKLYN,NY,11211,3,01969,0022,,2021,2537217.0,,,,,2627041.0,918680.0,299501.0,176809.0,36047023100.0,3.6897645788336932
9,3033040019,2020102001073001.0,24,24,1.0,12900000,12900000,537500,100.0,24.0,100.0,"$537,500",1,0.587,3,2020,1,MENAHAN STREET HOLDINGS LLC,C/O BRUMAN REALTY,143 DIVISION AVENUE,BROOKLYN,NY,11211,3,03304,0019,,2021,647646.0,,,,,647646.0,221993.0,33615.0,50684.0,,3.299635658914729
10,3033040014,2020102100179001.0,21,21,1.0,15700000,15700000,747619,100.0,21.0,100.0,"$747,619",1,1.242,3,2020,1,EVERGREEN STREET REALTY LLC,C/O BRUMAN REALTY,143 DIVISION AVENUE,BROOKLYN,NY,11211,3,03304,0014,,2021,523036.0,,,,,697251.0,227309.0,16443.0,64777.0,36047039500.0,2.993261146496815
11,1014690030,2020102200486001.0,24,24,1.0,2875000,2875000,119792,25.0,6.0,25.0,"$479,167",1,0.062,1,2020,1,440 NYC LLC,733 YONKERS AVENUE,"C/O SMITH BUSS & JACOBS, LLP",YONKERS,NY,10704,1,01469,0030,,2021,2397470.0,12913.0,,,21029.0,2432532.0,1786267.0,15990.0,68283.0,,22.478782608695653
12,1015790040,2020102600448001.0,11,11,1.0,2695000,2695000,245000,100.0,11.0,100.0,"$245,000",1,-0.413,1,2020,1,MHK LLC,161 BAHAMA AVENUE,C/O KATZENELL,KEY LARGO,FL,33037,1,01579,0040,,2021,62004.0,97568.0,,,,159572.0,84125.0,,15731.0,,2.799517625231911
13,1015640038,2020102600674001.0,20,20,1.0,3920000,3920000,196000,100.0,20.0,100.0,"$196,000",1,-0.512,1,2020,1,"EASTSIDE REALTY COMPANY, LLC",C/O:. KATZENELL,161 BAHAMA AVENUE,KEY LARGO,FL,33037,1,01564,0038,,2021,282843.0,,,,,282943.0,272973.0,,165340.0,,0.2543367346938776
14,1015640037,2020102600751001.0,17,17,1.0,3185000,3185000,187353,100.0,17.0,100.0,"$187,353",1,-0.53,1,2020,1,"EASTSIDE REALTY COMPANY, LLC",C/O:. KATZENELL,161 BAHAMA AVENUE,KEY LARGO,FL,33037,1,01564,0037,,2021,236477.0,17500.0,,,,255042.0,125231.0,,47471.0,,4.0756985871271585
15,1015640021,2020102600794001.0,10,10,1.0,2450000,2450000,245000,100.0,10.0,100.0,"$245,000",1,-0.413,1,2020,1,MHK LLC,C/O:. KATZENELL,161 BAHAMA AVENUE,KEY LARGO,FL,33037,1,01564,0021,,2021,65017.0,128259.0,,,,193626.0,173350.0,,102608.0,,0.8275918367346938
16,2029270014,2020013100452001.0,12,12,1.0,1800000,1800000,150000,100.0,12.0,100.0,"$150,000",1,-0.322,2,2020,1,"JEFFREY E. DINOWITZ, REFEREE","3701 HENRY HUDSON PARKWAY, #7D",,BRONX,NY,10463,2,02927,0014,,2021,150858.0,,,,3083.0,194043.0,126470.0,,25807.0,,3.7540555555555555
17,1008840048,2020013100750001.0,145,145,1.0,11000000,11000000,75862,100.0,145.0,100.0,"$75,862",1,-0.756,1,2020,1,"EDWARD D. JAMIE REALTY, LLC",P.O. BOX 604232,,BAYSIDE,NY,11360,1,00884,0048,,2021,97518.0,4049062.0,,,,4632779.0,2081792.0,82606.0,439624.0,,23.19079090909091
18,1014840051,2020020401233005.0,18,18,1.0,6050000,6050000,336111,100.0,18.0,100.0,"$336,111",1,-0.228,1,2020,1,YORK 1364 LLC,C/O CARO ENTERPRISES INC,"33 EAST 20TH STREET, SUITE 400",NEW YORK,NY,10003,1,01484,0051,,2021,78087.0,40924.0,,,,256029.0,77970.0,,9140.0,,2.943123966942149
19,1014840049,2020020401234003.0,18,18,1.0,7800000,7800000,433333,100.0,18.0,100.0,"$433,333",1,-0.031,1,2020,1,CORNERSTONE YORK LLC,C/O CARO ENTERPRISES INC,33 EAST 20TH STREET,NEW YORK,NY,10003,1,01484,0049,,2021,,221408.0,,,,447628.0,125376.0,,17614.0,,4.131435897435898
20,3046750045,2020020600138002.0,34,34,1.0,2900000,2900000,85294,100.0,34.0,100.0,"$85,294",1,-0.823,3,2020,1,397 E. 49TH ST. REALTY ASSOCIATES,123 SPRING STREET,,MASSAPEQUA,NY,11758,3,04675,0045,,2021,324887.0,,,,,324887.0,301644.0,,82023.0,36047086800.0,0.8014827586206896
21,2030020047,2020020601289001.0,31,31,1.0,3700000,3700000,119355,100.0,31.0,100.0,"$119,355",1,-0.687,2,2020,1,HIGHWATER TOWER CORPORATION,"954 LEXINGTON AVENUE, SUITE 127",,NEW YORK,NY,10021,2,03002,0047,,2021,398965.0,,,,,439600.0,221416.0,,65345.0,,5.896864864864865
22,1015210064,2020021001010001.0,38,38,1.0,27250000,27250000,717105,100.0,38.0,100.0,"$717,105",1,0.545,1,2020,1,UES 93RD STREET L.P.,"C/O: SUKENIK, SEGAL & GRAFF, P.C.","450 SEVENTH AVENUE, 42ND FLOOR",NEW YORK,NY,10123,1,01521,0064,,2021,1154346.0,,,,,1154346.0,523661.0,16222.0,159500.0,,2.314440366972477
23,1015790137,2020021001185001.0,10,10,1.0,5289000,5289000,528900,100.0,10.0,100.0,"$528,900",1,0.163,1,2020,1,"SALVAN, SHERWOOD ALLEN",526 E 82ND ST,,NEW YORK,NY,100287120,1,01579,0137,,2021,,286160.0,,,,292160.0,246566.0,51565.0,43060.0,,0.8620533182076007
24,2037380001,2020021200303005.0,60,60,1.0,7100000,7100000,118333,100.0,60.0,100.0,"$118,333",1,-0.699,2,2020,1,"AF&G REALTY ASSOCIATES, LLC",21 WEST 38TH STREET,8TH FLOOR,NEW YORK,NY,10018,2,03738,0001,,2021,762825.0,,,,43342.0,810290.0,392924.0,,34582.0,,5.878394366197183
25,2037380010,2020021200692003.0,60,60,1.0,7900000,7900000,131667,100.0,60.0,100.0,"$131,667",1,-0.54,2,2020,1,"AF&G REALTY ASSOCIATES, LLC",21 WEST 38TH STREET,8TH FLOOR,NEW YORK,NY,10018,2,03738,0010,,2021,891213.0,,,,64864.0,960347.0,398078.0,,27868.0,,7.11732911392405
26,1021750100,2020021700203003.0,41,41,1.0,7850000,7850000,191463,100.0,41.0,100.0,"$191,463",1,-0.522,1,2020,1,20 SHERMAN HOLDING LP,1024 BROADWAY,,WOODMERE,NY,11598,1,02175,0100,,2021,660378.0,,,,11918.0,694932.0,371052.0,,57073.0,,4.125859872611465
27,3051390032,2020021800427001.0,64,64,1.0,8500000,8500000,132813,100.0,64.0,100.0,"$132,813",1,-0.674,3,2020,1,BEVERLY REALTY ASSOCIATES LLC,45 NORTH KING STREET,,MALVERNE,NY,11565,3,05139,0032,,2021,781378.0,,,,,802169.0,537267.0,,256922.0,,3.1164941176470586
28,3051220044,2020021800469001.0,42,42,1.0,5700000,5700000,135714,100.0,42.0,100.0,"$135,714",1,-0.665,3,2020,1,NOWAK EAST 18TH STREET LLC,45 NORTH KING STREET,,MALVERNE,NY,11565,3,05122,0044,,2021,485316.0,,,,,485316.0,383374.0,,166872.0,,1.7884561403508772
29,3012280060,2020021800500001.0,82,82,1.0,12725000,12725000,155183,100.0,82.0,100.0,"$155,183",1,-0.605,3,2020,1,PROSPECT PALACE LLC,45 NORTH KING STREET,,MALVERNE,NY,11565,3,01228,0060,,2021,1179497.0,,,,,1179497.0,694900.0,,281269.0,,3.8082278978388997
30,1008580008,2020022100386001.0,404,404,1.0,380600000,380600000,942079,100.0,404.0,100.0,"$942,079",1,1.002,1,2020,1,"GATEWAY BELVEDERE, LLC","2001 ROSS AVENUE, SUITE 3400",,DALLAS,TX,75201,1,00858,0008,,2021,55460.0,20024332.0,,,,21035454.0,18300930.0,,1045961.0,36061007400.0,0.718477141355754
31,1013430036,2020022400542001.0,115,115,1.0,66248000,66248000,576070,100.0,115.0,100.0,"$576,070",1,0.259,1,2020,1,"340 EAST 51 OWNERS CO., L.P.",C/O: LONDON MANAGEMENT CORP.,"701 BRICKELL AVENUE, SUITE 1490",MIAMI,FL,33131,1,01343,0036,,2021,265401.0,2401727.0,,,,2680861.0,1476913.0,82237.0,146411.0,,1.8173348629392585
32,3069960071,2020022401056001.0,5,5,1.0,1600000,1600000,320000,100.0,5.0,100.0,"$320,000",1,-0.091,3,2020,1,2742 WEST 15 LLC,999 CENTRAL AVENUE,SUITE 302,WOODMERE,NY,11598,3,06996,0071,,2021,,152888.0,,,,153053.0,59437.0,,8380.0,,5.851
33,4017050035,2020033000495001.0,38,38,1.0,4785000,4785000,125921,100.0,38.0,100.0,"$125,921",1,-1.02,4,2020,1,"SINGH & MEHTA, LLC",41 BAY AVENUE,,EAST MORICHES,NY,11940,4,01705,0035,,2021,501156.0,,,,,501156.0,276034.0,25000.0,57853.0,,4.704743991640544
34,1013470001,2020040100378001.0,5,5,1.0,7100000,7100000,1420000,100.0,5.0,100.0,"$1,420,000",1,1.972,1,2020,1,1038 SECOND AVENUE REALTY CORP.,C/O: TARTER KRINSKY & DROGIN LLP,1350 BROADWAY,NEW YORK,NY,10018,1,01347,0001,,2021,,114675.0,,,,276862.0,123122.0,8500.0,57991.0,,2.1653521126760564
35,3024950008,2020040900159001.0,10,10,1.0,2400000,2400000,240000,100.0,10.0,100.0,"$240,000",1,-0.34,3,2020,1,"ALVAREZ, ELIZABETH",184 FREEMAN STREET,APT. 1L,BROOKLYN,NY,11222,3,02495,0008,,2021,47940.0,139800.0,,,,187740.0,140056.0,,102676.0,,1.9868333333333332
36,3024950008,2020040900159001.0,10,10,1.0,2400000,2400000,240000,100.0,10.0,100.0,"$240,000",1,-0.34,3,2020,1,"ALVAREZ, ELIZABETH",184 FREEMAN STREET,APT. 1L,BROOKLYN,NY,11222,3,02495,0008,,2021,47940.0,139800.0,,,,187740.0,140056.0,,102676.0,,1.9868333333333332
37,1017270006,2020042200324001.0,40,40,1.0,5150000,5150000,128750,100.0,40.0,100.0,"$128,750",1,-0.649,1,2020,1,55 WEST 129 LLC,2365 NOSTRAND AVENUE,,BROOKLYN,NY,11210,1,01727,0006,,2021,452435.0,,,,,455268.0,313109.0,,42306.0,36061020800.0,2.760368932038835
38,2032840057,2020113000829001.0,44,44,1.0,4125000,4125000,93750,100.0,44.0,100.0,"$93,750",1,-0.992,2,2020,1,"TRIO 2870 MARION ASSOCIATES, L.L.C.",2432 GRAND CONCOURSE RM 400,,BRONX,NY,104585204,2,03284,0057,,2021,462801.0,,,,18290.0,481436.0,252763.0,,39069.0,,5.5435878787878785
39,2049940041,2020120101007001.0,30,30,1.0,5050000,5050000,168333,100.0,30.0,100.0,"$168,333",1,-0.103,2,2020,1,AVANTI REALTY CORP.,ONE STATION PLAZA,,MAMARONECK,NY,10543,2,04994,0041,,2021,376625.0,62022.0,,,,439558.0,323191.0,,78126.0,,2.3042970297029703
40,2038120001,2020120101660001.0,27,27,1.0,3960000,3960000,146667,100.0,27.0,100.0,"$146,667",1,-0.361,2,2020,1,2109 GLEASON REALTY LLC,128 MIDDLE NECK ROAD,,GREAT NECK,NY,11021,2,03812,0001,,2021,434218.0,,,,,434518.0,244179.0,,49935.0,,4.806540404040404
41,1013980014,2020120400701001.0,6,6,1.0,5750000,5750000,958333,100.0,6.0,100.0,"$958,333",1,1.035,1,2020,1,"MARVIN POCKER, LLC","50 MAIN STREET, SUITE 1000",,WHITE PLAINS,NY,10606,1,01398,0014,,2021,,110285.0,,,,340985.0,110291.0,,32731.0,,4.012069565217391
42,1012050022,2020120801301001.0,48,48,1.0,20000000,20000000,416667,100.0,48.0,100.0,"$416,667",1,-0.065,1,2020,1,5-15 W 91 LLC,2125 CENTER AVENUE,SUITE 505,FORT LEE,NJ,7024,1,01205,0022,,2021,353556.0,597857.0,,,,1007974.0,524773.0,,58776.0,,2.416005
43,2033180152,2020060201196001.0,25,25,1.0,3100000,3100000,124000,100.0,25.0,100.0,"$124,000",1,-0.632,2,2020,1,NIKVIN EQUITIES LLC,2027 WILLIAMSBRIDGE RD,,BRONX,NY,10461,2,03318,0152,,2021,343190.0,,,,,343190.0,,,14381.0,,
44,3013140050,2020122100454001.0,40,40,1.0,6100000,6100000,152500,100.0,40.0,100.0,"$152,500",1,-0.613,3,2020,1,215 STERLING STREET ASSOCIATES LLC,2564 BEDFORD AVENUE,,BROOKLYN,NY,11226,3,01314,0050,,2021,411208.0,,,,1895.0,521952.0,218069.0,,12560.0,,4.981688524590164
45,1005250032,2020122200355004.0,20,20,1.0,11000000,11000000,550000,100.0,20.0,100.0,"$550,000",1,0.206,1,2020,1,THE SEIDMAN FAMILY LIMITED PARTNERSHIP,C/O ROTHMAN LAW PLLC,"660 MADISON AVENUE, SUITE 2100",NEW YORK,NY,10065,1,00525,0032,,2021,,469815.0,,,,744581.0,298558.0,8179.0,67767.0,,4.0547545454545455
46,1014530010,2020122300512001.0,17,17,1.0,3700000,3700000,217647,100.0,17.0,100.0,"$217,647",1,-0.468,1,2020,1,315 REALTY COMPANY LLC,C/O: GANFER SHORE LEEDS & ZAUDERER,360 LEXINGTON AVENUE,NEW YORK,NY,10017,1,01453,0010,,2021,102981.0,250232.0,,,,353213.0,269897.0,16164.0,139421.0,,2.2517837837837837
47,2028080062,2020061100323001.0,83,83,1.0,12480000,12480000,150361,100.0,83.0,100.0,"$150,361",1,-0.317,2,2020,1,165 EAST 179TH STREET LLC,C/O: THE MORGAN GROUP,"ONE SOUND SHORE DRIVE, SUITE 203",GREENWICH,CT,6830,2,02808,0062,,2021,1112043.0,,,,,1112043.0,454549.0,,56855.0,,5.26838141025641
48,3058510040,2020061600070001.0,21,21,1.0,5485000,5485000,261190,100.0,21.0,100.0,"$261,190",1,-0.274,3,2020,4,LORRAINE T. ORFALY CREDIT SHELTER TRUST,36 SHORE ROAD LANE,,BROOKLYN,NY,11209,3,05851,0040,,2021,226968.0,,,,,312852.0,127674.0,,24667.0,,3.376080218778487
49,1006100060,2020123000533001.0,125,125,1.0,92600000,92600000,740800,100.0,125.0,100.0,"$740,800",1,0.593,1,2020,1,1 CHRISTOPHER REALTY LLC,1 CHRISTOPHER STREET,,NEW YORK,NY,10024,1,00610,0060,,2021,299394.0,4175117.0,182088.0,5000.0,,5075867.0,1916148.0,,321760.0,,3.4122235421166307
50,2039840001,2020123000987001.0,61,61,1.0,11250000,11250000,184426,100.0,61.0,100.0,"$184,426",1,0.089,2,2020,1,1400 BENSON STREET LLC,"C/O: RUDIN MANAGEMENT COMPANY, INC.",345 PARK AVENUE,NEW YORK,NY,10154,2,03984,0001,,2021,753516.0,152840.0,,,,1242416.0,788214.0,,207098.0,,4.037351111111111
51,3007090058,2020061900455004.0,49,49,1.0,9000000,9000000,183673,100.0,49.0,100.0,"$183,673",1,-0.516,3,2020,1,417-441 40TH ST. LLC,342 7TH AVENUE,,BROOKLYN,NY,11215,3,00709,0058,,2021,,912786.0,,,,912786.0,150049.0,,44987.0,,8.474855555555555
52,3009510046,2020062500471001.0,12,12,1.0,3000000,3000000,250000,100.0,12.0,100.0,"$250,000",1,-0.309,3,2020,10,"SCHIRALLI, EXECUTOR, NICHOLAS R",1 MAIN ST,,NEW YORK,NY,100440052,3,00951,0046,,2021,,93602.0,,,,238902.0,52680.0,,4549.0,,6.2074
53,3050560081,2020062600814001.0,10,10,1.0,4150000,4150000,415000,100.0,10.0,100.0,"$415,000",1,0.205,3,2020,1,149 CLARKSON AVE LLC,304 TOMPKINS AVE,,BROOKLYN,NY,112166680,3,05056,0081,,2021,311986.0,,,,,311986.0,81990.0,,24302.0,36047082200.0,5.542072289156627
54,4034890024,2020083100970001.0,6,6,1.0,950000,950000,158333,100.0,6.0,100.0,"$158,333",1,-0.734,4,2020,1,"SFERA, FLOAREA",6 SUSSEX LANE,,LAKE GROVE,NY,11755,4,03489,0024,,2021,35652.0,43044.0,,,,78696.0,80251.0,,18232.0,,-0.1636842105263158
55,3026250040,2020090200079002.0,10,10,1.0,760000,760000,76000,100.0,10.0,100.0,"$76,000",1,-0.851,3,2020,1,"HERSHKOVICH, HOWARD",C/O TISSA MANAGEMENT,108 CORTELYOU ROAD,BROOKLYN,NY,11218,3,02625,0040,,2021,,410313.0,,,,410313.0,50801.0,,16285.0,36047057300.0,47.30421052631579
56,3026250040,2021030400512001.0,10,10,1.0,1000000,1000000,100000,100.0,10.0,100.0,"$100,000",1,-1.03,3,2021,1,ONE DIAMOND GROUP LLC,106 HARRISON AVENUE,,BROOKLYN,NY,11206,3,02625,0040,,2021,,410313.0,,,,410313.0,50801.0,,16285.0,36047057300.0,35.9512
57,1011220019,2020090300060001.0,7,7,1.0,6060000,6060000,865714,100.0,7.0,100.0,"$865,714",1,0.847,1,2020,1,"TOWNHOUSE 27 WEST 69, LLC",C/O: AJ CLARKE RE CORP.,"250 WEST 57TH STREET, SUTIE 720",NEW YORK,NY,10107,1,01122,0019,,2021,,388110.0,,,,388110.0,55712.0,,16700.0,,5.485115511551155
58,3027610010,2020090300868002.0,19,19,1.0,3800000,3800000,200000,100.0,19.0,100.0,"$200,000",1,-0.465,3,2020,2,"MUENTES, WINSTON",522 METROPOLITAN AVENUE,,BROOKLYN,NY,11211,3,02761,0010,,2021,196845.0,,,,,262460.0,113224.0,,22705.0,,3.927263157894737
59,3012060028,2020090800525001.0,36,36,1.0,5585336,5585336,155148,100.0,36.0,100.0,"$155,148",1,-0.605,3,2020,1,1234 PACIFIC MANAGEMENT LLC,744 CONEY ISLAND AVE,,BROOKLYN,NY,11218,3,01206,0028,,2021,636192.0,,,,,636192.0,323002.0,,154642.0,,5.607361848955909
60,2032730321,2020090800647001.0,22,22,1.0,5500000,5500000,250000,100.0,22.0,100.0,"$250,000",1,0.871,2,2020,1,558 EAST 191 STREET INC,554 EAST 191ST STREET,,BRONX,NY,10458,2,03273,0321,,2021,499392.0,32904.0,,,,548322.0,362376.0,,29768.0,,3.3808363636363636
61,1019870029,2020090800917002.0,25,25,1.0,5925000,5925000,237000,100.0,25.0,100.0,"$237,000",1,-0.429,1,2020,1,COLLEGE REALTY LLC,"27 EAST 21ST STREET, 6TH FLOOR",,NEW YORK,NY,10010,1,01987,0029,,2021,118941.0,224811.0,,,,343752.0,279068.0,23500.0,111381.0,,1.0917130801687764
62,1019880123,2020090900790002.0,36,36,1.0,8425000,8425000,234028,100.0,36.0,100.0,"$234,028",1,-0.435,1,2020,1,CAMPUS REALTY LLC,"27 EAST 21ST STREET, 6TH FLOOR",,NEW YORK,NY,10010,1,01988,0123,,2021,271000.0,555688.0,,,,826688.0,402312.0,,36174.0,,5.037103857566765
63,1004070054,2020091100102001.0,27,27,1.0,2800000,2800000,103704,100.0,27.0,100.0,"$103,704",1,-0.7,1,2020,1,513 EAST 13TH STREET REALTY LLC,341 E 6TH STREET APT 2A,,NEW YORK,NY,100038471,1,00407,0054,,2021,184499.0,,,,,222461.0,230041.0,,43687.0,,-0.27071428571428574
64,4034000002,2020091400606001.0,6,6,1.0,1220000,1220000,203333,100.0,6.0,100.0,"$203,333",1,-0.337,4,2020,1,VERDA 363 LLC,64-38 83RD STREET,,MIDDLE VILLAGE,NY,11379,4,03400,0002,,2021,27616.0,19948.0,,,,47564.0,58103.0,,14395.0,,-0.8638524590163934
65,1010750049,2020102100371003.0,15,15,1.0,4000000,4000000,266667,100.0,15.0,100.0,"$266,667",1,-0.369,1,2020,1,COLUMB REALTY LLC,C/O: THE PALEUDIS LAW FIRM,"225 WEST 34TH STREET, SUITE 2205",NEW YORK,NY,10122,1,01075,0049,,2021,92006.0,209724.0,,,,302948.0,154784.0,,48894.0,,3.7041
66,1014670144,2020110400054001.0,10,10,1.0,2800000,2800000,280000,100.0,10.0,100.0,"$280,000",1,-0.342,1,2020,1,402 REALTY COMPANY LLC,C/O: GANFER SHORE LEEDS & ZAUDERER LLP,"360 LEXINGTON AVENUE, 13TH FLOOR",NEW YORK,NY,10017,1,01467,0144,,2021,61410.0,,,,,61410.0,34746.0,,6401.0,,0.9522857142857143
67,3016760001,2020110500458001.0,32,133,0.2406015038,18500000,4451128,139098,100.0,32.0,100.0,"$139,098",1,-0.655,3,2020,1,KINGSTON HEIGHTS APARTMENTS L.P,"551 MADISON AVENUE, 8TH FLOOR",,NEW YORK,NY,10022,3,01676,0001,,2021,604342.0,,,,1329179.0,1933521.0,1335090.0,,269559.0,36047029700.0,13.444479691440012
68,3018580024,2020110500458003.0,28,88,0.3181818182,15000000,4772727,170455,100.0,28.0,100.0,"$170,455",1,-0.557,3,2020,1,ALBANY CROSSINGS APARTMENTS L.P,"551 MADISON AVENUE, 8TH FLOOR",,NEW YORK,NY,10022,3,01858,0024,,2021,501021.0,,,,1031569.0,1532590.0,1206664.0,,327984.0,36047027300.0,6.828926104510063
69,2031030020,2020110600280001.0,56,56,1.0,6250000,6250000,111607,100.0,56.0,100.0,"$111,607",1,-0.78,2,2020,1,BEAUMONT AVENUE APARTMENTS L.P.,1865 PALMER AVENUE,SUITE 203,LARCHMONT,NY,10538,2,03103,0020,,2021,684754.0,,,,,687184.0,435243.0,,49018.0,36005039100.0,4.031056
70,2022920037,2020110600440001.0,79,79,1.0,11250000,11250000,142405,100.0,79.0,100.0,"$142,405",1,-0.412,2,2020,1,BROOK AVENUE GARDENS ASSOCIATES L.P.,1865 PALMER AVENUE,SUITE 203,LARCHMONT,NY,10538,2,02292,0037,,2021,888528.0,,84986.0,,,979416.0,815472.0,,221699.0,36005004300.0,1.45728
71,1014400019,2020110900709001.0,20,20,1.0,5504500,5504500,275225,100.0,20.0,100.0,"$275,225",1,-0.352,1,2020,2,"NSD 343, LLC",13 ENGINEERS RD,,ROSLYN,NY,11576,1,01440,0019,,2021,308124.0,58800.0,,,,366974.0,85625.0,5200.0,14804.0,,5.111254428195113
72,1014400020,2020110900783001.0,20,20,1.0,4595500,4595500,229775,100.0,20.0,100.0,"$229,775",1,-0.444,1,2020,2,NSD 343 LLC,13 ENGINEERS ROAD,,ROSLYN,NY,11576,1,01440,0020,,2021,347973.0,17157.0,,,,365130.0,101529.0,17400.0,13666.0,,5.736067892503536
73,1012000002,2020111200715001.0,12,12,1.0,11400000,11400000,950000,100.0,12.0,100.0,"$950,000",1,1.018,1,2020,1,ENDEAVOR GUIDANCE LLC,C/O:C/O PRICE LAW FIRM LLC,1115 BROADWAY,NEW YORK,NY,100103450,1,01200,0002,,2021,,451234.0,,,,1386449.0,107011.0,,49265.0,,11.223140350877193
74,3011050063,2020112401201001.0,16,16,1.0,4200000,4200000,262500,100.0,16.0,100.0,"$262,500",1,-0.27,3,2020,1,ABEAD REALTY CORP.,14 NIGHTINGALE COURT,,MANHASSET,NY,11030,3,01105,0063,,2021,246658.0,,,,,246658.0,74120.0,13250.0,11433.0,,4.108047619047619
75,2033050010,2021032401260001.0,21,21,1.0,3100000,3100000,147619,100.0,21.0,100.0,"$147,619",1,-0.205,2,2021,1,2850 GRAND CONCOURSE CORP.,2850 GRAND CONCOURSE,,BRONX,NY,10463,2,03305,0010,,2021,245889.0,,,,2662.0,248551.0,166871.0,,39129.0,,2.6348387096774193
76,1012040054,2021032500951001.0,9,9,1.0,3100000,3100000,344444,100.0,9.0,100.0,"$344,444",1,-0.152,1,2021,1,"HEIDI J. SORVINO, ESQ., CHAPTER 11 TRUSTEE",7 TIMES SQ STE 2900,,NEW YORK,NY,100366524,1,01204,0054,,2021,8175.0,,,,,8175.0,47145.0,,9541.0,,-1.2570967741935484
77,2028050045,2021040601080001.0,43,43,1.0,6350000,6350000,147674,100.0,43.0,100.0,"$147,674",1,-0.204,2,2021,1,124 EAST 177 REALTY LLC,C/O: MORGAN GROUP,"ONE SOUND SHORE DRIVE, SUITE 203",GREENWICH,CT,6830,2,02805,0045,,2021,465093.0,,,,,465093.0,245231.0,,49858.0,,3.4623937007874015
78,3009340039,2021041201027001.0,10,10,1.0,3700000,3700000,370000,100.0,10.0,100.0,"$370,000",1,0.085,3,2021,1,SIX K ASSOCIATES LIMITED LIABILITY COMPANY,459 6TH AVENUE,,BROOKLYN,NY,11215,3,00934,0039,,2021,216216.0,,,,,216216.0,56289.0,2220.0,13440.0,,4.322351351351351
79,1015510045,2020123000380001.0,20,20,1.0,4500000,4500000,225000,100.0,20.0,100.0,"$225,000",1,-0.454,1,2020,1,"PAUL PROPERTIES, INC",ONE STATION PLAZA,,MAMARONECK,NY,10543,1,01551,0045,,2021,124800.0,183200.0,,,,308000.0,102488.0,22800.0,21000.0,,4.566933333333333
80,1021420063,2021012700135001.0,31,31,1.0,6000000,6000000,193548,100.0,31.0,100.0,"$193,548",1,-0.203,1,2021,6,"SALR, LLC",1449 37 STREET,SUITE 408,BROOKLYN,NY,11218,1,02142,0063,,2021,426593.0,,,,25785.0,452403.0,197048.0,,32482.0,,4.255916666666667
81,1021420078,2021012700135002.0,25,25,1.0,5000000,5000000,200000,100.0,25.0,100.0,"$200,000",1,-0.201,1,2021,6,NECO PARTNERS LLC,1449 37 STREET,SUITE 408,BROOKLYN,NY,11218,1,02142,0078,,2021,387691.0,,,,,387741.0,164101.0,,11420.0,,4.4728
82,1021420081,2021012700135003.0,26,26,1.0,4400000,4400000,169231,100.0,26.0,100.0,"$169,231",1,-0.212,1,2021,6,OMEGA GINOBLI PARTNERS LLC,1449 37 STREET,SUITE 408,BROOKLYN,NY,11218,1,02142,0081,,2021,388922.0,,,,35959.0,424906.0,271023.0,,57857.0,,3.497340909090909
83,1021420097,2021012700135004.0,31,31,1.0,5200000,5200000,167742,100.0,31.0,100.0,"$167,742",1,-0.212,1,2021,6,OMEGA GINOBLI PARTNERS LLC,1449 37 STREET,SUITE 408,BROOKLYN,NY,11218,1,02142,0097,,2021,356212.0,,,,37302.0,393514.0,235635.0,,4524.0,,3.0361346153846154
84,2022660005,2021012900254001.0,25,25,1.0,5000000,5000000,200000,100.0,25.0,100.0,"$200,000",1,0.267,2,2021,1,JM 260 BROOK LLC,"445 PARK AVENUE, 10TH FLOOR",,NEW YORK,NY,10022,2,02266,0005,,2021,380000.0,,,,,469000.0,385000.0,150000.0,12000.0,,1.68
85,1007450049,2021020401353001.0,15,15,1.0,4700000,4700000,313333,100.0,15.0,100.0,"$313,333",1,-0.162,1,2021,1,"THIRD OLD NEW YORK, LLC",C/O: JP THOMPSON ASSOCIATES,"133 WEST 72ND STREET, SUITE 201",NEW YORK,NY,10023,1,00745,0049,,2021,58547.0,221370.0,,,,279917.0,334432.0,,251067.0,,-1.1598936170212766
86,2023790026,2021021600851001.0,12,12,1.0,1400000,1400000,116667,100.0,12.0,100.0,"$116,667",1,-0.484,2,2021,1,BRONX REALTY HOLDING CORP.,824 SOUTHERN BLVD,,BRONX,NY,10459,2,02379,0026,,2021,109680.0,,,,,109680.0,94450.0,,5847.0,,1.0878571428571429
87,2031620009,2021021901016001.0,29,29,1.0,2987500,2987500,103017,100.0,29.0,100.0,"$103,017",1,-0.607,2,2021,1,38 T HOLDING CO. LLC,349 EAST 149TH STREET,SUITE 701,BRONX,NY,10451,2,03162,0009,,2021,279143.0,,,,,279143.0,182536.0,,38969.0,,3.2337071129707113
88,1010320101,2021022200358001.0,16,16,1.0,2900000,2900000,181250,100.0,16.0,100.0,"$181,250",1,-0.207,1,2021,1,MOLLANEY LLC,C/O: SANDERS INVESTMENTS,"1697 BROADWAY, SUITE 903",NEW YORK,NY,10019,1,01032,0101,,2021,19598.0,,,,,19598.0,63572.0,4000.0,,,-1.5163448275862068
89,2024260002,2021041800077001.0,16,16,1.0,1900000,1900000,118750,100.0,16.0,100.0,"$118,750",1,-0.465,2,2021,2,1100 CLAY NY LLC,824 SOUTHERN BLVD,,BRONX,NY,10459,2,02426,0002,,2021,151312.0,,,,,151437.0,106637.0,,39200.0,36005014300.0,2.357894736842105
90,1006250044,2021042000007001.0,8,8,1.0,3318000,3318000,414750,100.0,8.0,100.0,"$414,750",1,-0.128,1,2021,1,NORTH HUDSON REALTY CORP.,163-24 85TH STREET,,HOWARD BEACH,NY,11414,1,00625,0044,,2021,73979.0,26800.0,,,,127179.0,74188.0,,6951.0,,1.5970765521398433
91,1004940009,2021042200674001.0,21,21,1.0,8862500,8862500,422024,100.0,21.0,100.0,"$422,024",1,-0.125,1,2021,1,MULBERRY REALTY LLC,231 FRONT STREET,FLOOR C,BROOKLYN,NY,11201,1,00494,0009,,2021,16044.0,301299.0,,,,324344.0,203285.0,61405.0,72047.0,,1.365968970380818
92,1004920004,2021042201151001.0,20,20,1.0,8862500,8862500,443125,100.0,20.0,100.0,"$443,125",1,-0.118,1,2021,1,196 ELIZABETH ST. LLC,231 FRONT STREET,FLOOR C,BROOKLYN,NY,11201,1,00492,0004,,2021,7228.0,342424.0,,,,432853.0,153649.0,40977.0,43929.0,,3.1503977433004233
93,1014460004,2020022900042001.0,9,9,1.0,5975000,5975000,663889,100.0,9.0,100.0,"$663,889",1,0.437,1,2020,1,DOMAX REALTY CORP.,1388 SECOND AVENUE,,NEW YORK,NY,10021,1,01446,0004,,2021,113475.0,,,,,245518.0,82953.0,1800.0,8551.0,,2.7207531380753136
94,1015770027,2020030501209001.0,102,102,1.0,67000000,67000000,656863,100.0,102.0,100.0,"$656,863",1,0.423,1,2020,1,R & A ASSETS LLC,C/O: THE PARKOFF ORGANIZATION,"98 CUTTERMILL ROAD, SUITE 444S",GREAT NECK,NY,11021,1,01577,0027,,2021,381417.0,2072662.0,,,6598.0,3019147.0,1407867.0,,228208.0,,2.4048955223880597
95,1021770218,2020031300094001.0,64,64,1.0,10150000,10150000,158594,100.0,64.0,100.0,"$158,594",1,-0.588,1,2020,1,BELLA VISTA REALTY CORP.,P.O. BOX 162,,ATLANTIC BEACH,NY,11509,1,02177,0218,,2021,853369.0,,,,,857785.0,428550.0,,42111.0,,4.2289162561576354
96,4012910056,2020031601119001.0,27,27,1.0,6274000,6274000,232370,100.0,27.0,100.0,"$232,370",1,-0.081,4,2020,1,43-24/28 REALTY LLC,42-15 235TH STREET,,DOUGLASTON,NY,11363,4,01291,0056,,2021,100200.0,428642.0,,,,528842.0,155084.0,,22396.0,,5.957252151737329
97,2033190014,2020032100007001.0,29,29,1.0,3500000,3500000,120690,100.0,29.0,100.0,"$120,690",1,-0.671,2,2020,1,GEGA REALTY CORP,617 E 188TH ST,,BRONX,NY,104586100,2,03319,0014,,2021,235518.0,,,,,235518.0,164328.0,,15900.0,,2.034
98,1002800054,2020032700678001.0,15,30,0.5,14000000,7000000,466667,100.0,15.0,100.0,"$466,667",1,0.037,1,2020,1,CATHERINE STREET ASSOCIATES LLC,"C/O: R.A. COHEN & ASSOCIATES, INC",60 E 42ND ST,NEW YORK,NY,101650006,1,00280,0054,,2021,110000.0,540000.0,,,,802910.0,185578.0,42008.0,23010.0,,8.819028571428571
99,1004000042,2020062200670002.0,22,22,1.0,2500000,2500000,113636,100.0,22.0,100.0,"$113,636",1,-0.68,1,2020,2,"CHANG, EMILY",80-57 LEFFERTS BLVD,2R,KEW GARDENS,NY,11415,1,00400,0042,,2021,92777.0,,,,,98406.0,89730.0,128.0,5506.0,,0.34704
100,1004710017,2020062500102001.0,10,10,1.0,6225000,6225000,622500,100.0,10.0,100.0,"$622,500",1,0.353,1,2020,1,"171 MULBERRY, LLC",88 RIVINGTON STREET,,NEW YORK,NY,10002,1,00471,0017,,2021,4454.0,294683.0,,,,311137.0,172312.0,49576.0,31121.0,,2.230120481927711
101,4021390001,2020062900871001.0,112,112,1.0,26500000,26500000,236607,100.0,112.0,100.0,"$236,607",1,-0.044,4,2020,1,"105-05 69TH AVENUE, LLC","C/O:. BLACKROCK REALTY ADVISORS, INC.",40 EAST 52ND STREET,NEW YORK,NY,10022,4,02139,0001,,2021,1260506.0,1211075.0,,,,2586048.0,1081147.0,2296.0,95722.0,,5.678871698113207
102,1020670036,2020063001039002.0,24,24,1.0,5100000,5100000,212500,100.0,24.0,100.0,"$212,500",1,-0.479,1,2020,1,400 WEST 153RD REALTY CORPORATION,C/O: MANN REALTY ASSOCIATES,"336 WEST 37TH STREET, SUITE 620",NEW YORK,NY,10018,1,02067,0036,,2021,363803.0,86605.0,,,,502657.0,275281.0,5133.0,45689.0,,4.458352941176471
103,1015550001,2020070600434001.0,20,20,1.0,8000000,8000000,400000,100.0,20.0,100.0,"$400,000",1,-0.098,1,2020,1,1766-68 SECOND AVENUE HOUSING DEVELOPMENT FUND COR,C/O: COMMON GROUND MANAGEMENT CORP,"505 8TH AVENUE, 5TH FL.",NEW YORK,NY,10018,1,01555,0001,,2021,,474778.0,,,,858837.0,246133.0,,98158.0,36061015400.0,7.6588
104,1011460061,2020070900993005.0,180,180,1.0,37750000,37750000,209722,100.0,180.0,100.0,"$209,722",1,-0.485,1,2020,1,JMW 75 LLC,C/O: BENCHMARK REAL ESTATE GROUP,"645 MADISON AVE, STE 1009",NEW YORK,NY,10065,1,01146,0061,,2021,358800.0,1832716.0,,,,2265703.0,1329506.0,154602.0,575115.0,,2.4799920529801325
105,2028080009,2020071400205001.0,36,36,1.0,3800000,3800000,105556,100.0,36.0,100.0,"$105,556",1,-0.852,2,2020,1,JO-LEE REALTY COMPANY,C/O HOROWITZ PLLC,96 GREENWICH STREET,BROOKLYN,NY,10006,2,02808,0009,,2021,412418.0,,,,,412418.0,308065.0,,68965.0,,2.7461315789473684
106,2046540001,2020071400205002.0,54,54,1.0,5200000,5200000,96296,100.0,54.0,100.0,"$96,296",1,-0.962,2,2020,1,3800 CARPENTER REALTY CORP.,C/O HOROWITZ PLLC,96 GREENWICH STREET,BROOKLYN,NY,10006,2,04654,0001,,2021,606628.0,,,,,606628.0,439560.0,,117710.0,,3.212846153846154
107,1016330033,2020071600702001.0,12,20,0.6,7500000,4500000,375000,100.0,12.0,100.0,"$375,000",1,-0.149,1,2020,8,"RONALD SUNOG, AS TRUSTEE",C/O: RONALD SUNOG,1086 WALNUT ST,NEWTON HIGHLANDS,MA,24611264,1,01633,0033,,2021,64800.0,156000.0,,,,378264.0,94096.0,,4800.0,,6.314844444444445
108,1004630049,2020072000738001.0,20,20,1.0,4675000,4675000,233750,100.0,20.0,100.0,"$233,750",1,-0.436,1,2020,1,17 EAST REAL ESTATE LLC,C/O RIALTO MANAGEMENT CORP.,"872 MADISON AVENUE, 2A",NEW YORK,NY,10021,1,00463,0049,,2021,65402.0,133901.0,,,,196732.0,99177.0,6303.0,27566.0,,2.0867379679144387
109,3068780048,2020072400481001.0,125,125,1.0,20750000,20750000,166000,100.0,125.0,100.0,"$166,000",1,-0.571,3,2020,1,CHELSEA APARTMENTS DEL LLC,C/O: CAMMEBY'S INTERNATIONAL,45 BROADWAY - 25TH FLOOR,NEW YORK,NY,10006,3,06878,0048,,2021,1737839.0,347441.0,24530.0,,69514.0,2313229.0,1093260.0,,192685.0,,5.879368674698795
110,4097730005,2020072400482001.0,105,105,1.0,22250000,22250000,211905,100.0,105.0,100.0,"$211,905",1,-0.262,4,2020,1,BELCREST APARTMENTS DEL LLC,C/O: CAMMEBY'S INTERNATIONAL,45 BROADWAY - 25TH FLOOR,NEW YORK,NY,10006,4,09773,0005,,2021,1435507.0,509329.0,99600.0,,8770.0,2199917.0,1081445.0,,220054.0,,5.026840449438202
111,1014300002,2020072700128002.0,14,14,1.0,5000000,5000000,357143,50.0,7.0,50.0,"$714,286",1,0.539,1,2020,1,SS 1313 REALTY LLC,355 WEST 52 STREET,,NEW YORK,NY,10019,1,01430,0002,,2021,600023.0,,,206622.0,,1475566.0,1590649.0,,344395.0,,-2.30166
112,3050820091,2020072800185001.0,16,16,1.0,1450000,1450000,90625,100.0,16.0,100.0,"$90,625",1,-0.806,3,2020,1,91 EAST 21ST STREET LLC,102 BETSY RAWLS DR,,MIDDLETOWN,DE,19709,3,05082,0091,,2021,209760.0,,,,8844.0,218604.0,161057.0,,37938.0,,3.968758620689655
113,1015480148,2020122800586001.0,7,7,1.0,3500000,3500000,500000,100.0,7.0,100.0,"$500,000",1,0.105,1,2020,1,"GERMAN NEWS COMPANY, INC.",C/O GONCA HARTMANN TEKINER,81 TANGLEWYLDE ROAD,BRONXVILLE,NY,10707,1,01548,0148,,2021,,85359.0,,,,276535.0,83330.0,,20635.0,,5.520142857142857
114,1015490024,2020122801309001.0,33,33,1.0,14500000,14500000,439394,100.0,33.0,100.0,"$439,394",1,-0.018,1,2020,1,"BREMEN HOUSE, INC.",C/O GONCA HARTMANN TEKINER,81 TANGLEWYLDE ROAD,BRONXVILLE,NY,10707,1,01549,0024,,2021,37623.0,437718.0,,,,1437768.0,377343.0,,89454.0,,7.3132758620689655
115,4030790086,2020123100431001.0,60,60,1.0,12600000,12600000,210000,100.0,60.0,100.0,"$210,000",1,-0.279,4,2020,1,SP8 INTERNATIONAL LLC,"767 THIRD AVENUE, ROOM 31A",C/O SJS MANAGEMENT CORPORATION,NEW YORK,NY,10017,4,03079,0086,,2021,971577.0,,,,,971577.0,456350.0,,49904.0,,4.089103174603174
116,1012710059,2021010400463001.0,6,6,1.0,353000,353000,58833,25.0,1.5,25.0,"$235,333",1,-0.189,1,2021,4,MARITAL TRUST U/A JOHN F. DICKINSON,713 NAVARRE AVE,,CORAL GABLES,FL,331343762,1,01271,0059,,2021,34500.0,48586.0,,,27128.0,256313.0,138303.0,,44550.0,,33.43059490084986
117,3067480016,2021010400706001.0,35,35,1.0,5050000,5050000,144286,94.39,33.0365,94.39,"$152,861",1,-0.812,3,2021,1,1806 OCEAN REALTY LLC,P.O. BOX 340816,,BROOKLYN,NY,11234,3,06748,0016,,2021,516720.0,,28298.0,,,555026.0,429803.0,,212326.0,,2.479663366336634
118,3067570031,2021010400764001.0,55,55,1.0,850000,850000,15455,9.44,5.192,9.44,"$163,713",1,-0.767,3,2021,1,RIZARO 1940 LLC,"277 EAST 58TH STREET, 3RD FL",,NEW YORK,NY,10022,3,06757,0031,,2021,776592.0,,,,5198.0,782320.0,353197.0,,69322.0,,50.485058823529414
119,3074640022,2021010400812001.0,86,86,1.0,950000,950000,11047,6.79,5.8394,6.79,"$162,688",1,-0.771,3,2021,1,RIZARO OCEAN AVENUE LLC,"227 EAST 58TH STREET, 3RD FL",,NEW YORK,NY,10022,3,07464,0022,,2021,1297985.0,,18280.0,,13811.0,1331333.0,436382.0,,106240.0,,94.20536842105263
120,3069280050,2021010400867001.0,140,140,1.0,1000000,1000000,7143,4.17,5.838,4.17,"$171,292",1,-0.736,3,2021,1,OXFORD II REALTY LLC,"277 EAST 58TH STREET, 3RD FL",,NEW YORK,NY,10022,3,06928,0050,,2021,2102210.0,,,,34304.0,2162725.0,1012183.0,,172751.0,,115.0542
121,3073570001,2021010400915001.0,83,83,1.0,650000,650000,7831,4.33,3.5939,4.33,"$180,862",1,-0.696,3,2021,1,HARVARD II REALTY LLC,"277 EAST 58TH STREET, 3RD FL",,NEW YORK,NY,10022,3,07357,0001,,2021,1200437.0,,69894.0,,34151.0,1352659.0,429885.0,,77734.0,,141.96523076923077
122,3074220917,2021010400962001.0,113,113,1.0,850000,850000,7522,4.25,4.8025,4.25,"$176,991",1,-0.712,3,2021,1,YALE REALTY LLC,277 E 58TH ST FL 3,,NEW YORK,NY,10022,3,07422,0917,,2021,1452133.0,,,,81205.0,1534213.0,642856.0,,132715.0,,104.86552941176471
123,3050060006,2021010401026001.0,59,59,1.0,750000,750000,12712,8.33,4.9147,8.33,"$152,603",1,-0.813,3,2021,1,RIZARO REALTY LLC,"277 EAST 58TH STREET, 3RD FL",,NEW YORK,NY,10022,3,05006,0006,,2021,838085.0,,,,13076.0,851296.0,335496.0,,75190.0,,68.77333333333333
124,3010050038,2021010401412003.0,8,8,1.0,2536000,2536000,317000,50.0,4.0,50.0,"$634,000",1,1.176,3,2021,1,"BROOKLYN SETSUN, LLC",417 7TH AVENUE,,BROOKLYN,NY,11215,3,01005,0038,,2021,22020.0,163359.0,,,,185379.0,54314.0,,6819.0,,5.168178233438486
125,3009660043,2021010401412007.0,12,12,1.0,4492000,4492000,374333,50.0,6.0,50.0,"$748,667",1,1.65,3,2021,1,"S & H NY ASSOCIATES, LLC",417 7TH AVENUE,,BROOKLYN,NY,11215,3,00966,0043,,2021,8676.0,208678.0,,,,287854.0,95724.0,,31375.0,,4.277159394479074
126,3010410064,2021010501322011.0,8,8,1.0,3040000,3040000,380000,50.0,4.0,50.0,"$760,000",1,1.697,3,2021,1,"15TH ST. BKLYN DEVELOPMENT, LLC",417 7TH AVENUE,,BROOKLYN,NY,11215,3,01041,0064,,2021,,233450.0,,,,233450.0,75240.0,,25176.0,,5.204276315789474
127,3010160081,2021010601532019.0,8,8,1.0,3040000,3040000,380000,50.0,4.0,50.0,"$760,000",1,1.697,3,2021,1,"BROKAT BUILDERS GROUP, LLC",417 7TH AVENUE,,BROOKLYN,NY,11215,3,01016,0081,,2021,42420.0,122040.0,,,,171860.0,80812.0,,13975.0,,2.995
128,1018400010,2021010700693001.0,34,34,1.0,21500000,21500000,632353,100.0,34.0,100.0,"$632,353",1,-0.054,1,2021,1,63 WEST 104TH STREET OWNER LLC,980 SYLVAN AVENUE,,ENGLEWOOD CLIFFS,NJ,7632,1,01840,0010,,2021,,1827132.0,,,,1827132.0,247354.0,,54571.0,,7.34780465116279
129,3018030072,2021011300389001.0,20,20,1.0,2500000,2500000,125000,100.0,20.0,100.0,"$125,000",1,-0.927,3,2021,1,WILMAUD REALTY CORP.,351 EAST 55TH STREET,,BROOKLYN,NY,11203,3,01803,0072,,2021,148548.0,,,,,148548.0,161563.0,,13338.0,,-0.5206
130,1015220037,2021011501014001.0,16,16,1.0,6650000,6650000,415625,100.0,16.0,100.0,"$415,625",1,-0.128,1,2021,1,1670 THIRD LLC,825 EIGHTH AVENUE,18TH FLOOR,NEW YORK,NY,10019,1,01522,0037,,2021,141224.0,157553.0,,,,456783.0,159848.0,8534.0,47847.0,,4.465187969924812
131,1015220037,2020010701090001.0,16,16,1.0,7097381,7097381,443586,100.0,16.0,100.0,"$443,586",1,-0.01,1,2020,0,R&D 1670 LLC,C/O:. TOWNHOUSE MANAGEMENT COMPANY,70 E 55TH ST,NEW YORK,NY,100223222,1,01522,0037,,2021,141224.0,157553.0,,,,456783.0,159848.0,8534.0,47847.0,,4.183726363288092
132,2027030020,2021012101349005.0,20,20,1.0,3200000,3200000,160000,100.0,20.0,100.0,"$160,000",1,-0.093,2,2021,1,EOM 923 KELLY REALTY CORP.,3605 SEDGWICK AVENUE,,BRONX,NY,10463,2,02703,0020,,2021,309572.0,,,,,309572.0,253724.0,,131346.0,,1.74525
133,1012140106,2021012200266001.0,5,5,1.0,5200000,5200000,1040000,100.0,5.0,100.0,"$1,040,000",1,0.085,1,2021,1,169 WEST 83RD ST. REALTY LLC,"C/O: HAGAN, COURY & ASSOCIATES",908 FOURTH AVENUE,BROOKLYN,NY,11232,1,01214,0106,,2021,,257115.0,,,,257115.0,157946.0,,29123.0,,1.907096153846154
134,2032120078,2021012600291001.0,12,12,1.0,2075000,2075000,172917,100.0,12.0,100.0,"$172,917",1,0.023,2,2021,1,2409 REALTY LLC,66 MINEOLA AVENUE,,ROSLYN HEIGHTS,NY,11577,2,03212,0078,,2021,,228863.0,,,,228863.0,306842.0,,82645.0,,-3.758024096385542
135,3049470003,2020050400303003.0,21,21,1.0,2220000,2220000,105714,100.0,21.0,100.0,"$105,714",1,-0.759,3,2020,1,HIGHLAND CAPITAL REALTY CORP.,168 BEACH 139TH ST,,ROCKAWAY PARK,NY,116941212,3,04947,0003,,2021,244467.0,,,,,244467.0,97102.0,,19896.0,,6.638063063063063
136,1009110064,2020050500009001.0,70,70,1.0,2906950,2906950,41528,60.0,42.0,60.0,"$69,213",1,-0.77,1,2020,2,SOCIETY OF THE CINCINNATUS IN NEW HAMPSHIRE,121 MOUNT VERNON STREET,,BOSTON,MA,2108,1,00911,0064,,2021,2659688.0,21987.0,,,,2918085.0,995340.0,,204005.0,,66.14303651593595
137,1004600019,2020080300026001.0,12,12,1.0,4000000,4000000,333333,100.0,12.0,100.0,"$333,333",1,-0.234,1,2020,1,"216 EAST 5TH STREET MANAGEMENT, LLC",216 EAST 5TH STREET,,NEW YORK,NY,10003,1,00460,0019,,2021,108445.0,27264.0,,,,135709.0,63412.0,,24776.0,,1.807425
138,1018770018,2020080300347001.0,40,40,1.0,10000000,10000000,250000,100.0,40.0,100.0,"$250,000",1,-0.403,1,2020,1,"DELF ESTATES, INC.",229 WEST 105TH STREET,UNIT 1,NEW YORK,NY,10025,1,01877,0018,,2021,868694.0,,,,,868694.0,424067.0,,171400.0,,4.44627
139,1019940062,2020080600559001.0,62,62,1.0,15800000,15800000,254839,100.0,62.0,100.0,"$254,839",1,-0.393,1,2020,1,"185 CLAREMONT AVENUE, LLC","C/O:. BLACKROCK REALTY ADVISORS, INC.",40 E 52ND STREET,NEW YORK,NY,10022,1,01994,0062,,2021,1172765.0,,5287.0,,,1178402.0,469081.0,,52906.0,,4.489373417721519
140,1015520038,2020081300386001.0,16,16,1.0,4525000,4525000,282813,100.0,16.0,100.0,"$282,813",1,-0.336,1,2020,1,"SJO PROPERTIES, INC.",C/O: ERIC GOODMAN REALTY,"307 EAST 89TH STREET, SUITE G",NEW YORK,NY,10128,1,01552,0038,,2021,347012.0,,,,,347181.0,153677.0,,14349.0,,4.276331491712707
141,1014500012,2020081400480001.0,20,20,1.0,5250000,5250000,262500,100.0,20.0,100.0,"$262,500",1,-0.377,1,2020,1,SUMAGLI REALTY COMPANY LLC,C/O GREYLAG CABINS,320 CLOUGH ROAD,PITTSFIELD,NH,3263,1,01450,0012,,2021,222114.0,174943.0,,,622.0,442111.0,141517.0,13663.0,53718.0,,5.7256
142,3030490043,2020082000836001.0,30,30,1.0,15000000,15000000,500000,100.0,30.0,100.0,"$500,000",1,0.47,3,2020,1,21-25 MONTROSE AVE LLC,65 TAAFFE PLACE,,BROOKLYN,NY,11205,3,03049,0043,,2021,1113157.0,,,,,1147073.0,387173.0,,141523.0,36047051100.0,5.066
143,3023170005,2020082100847002.0,62,62,1.0,45340000,45340000,731290,100.0,62.0,100.0,"$731,290",1,1.191,3,2020,1,SVF KENT BROOKLYN CORPORATION,515 SOUTH FLOWER STREET,49TH FLOOR,LOS ANGELES,CA,90071,3,02317,0005,,2021,3336996.0,,,,,3413906.0,1217168.0,,277406.0,36047055700.0,4.845033083370093
144,1004010013,2020082400793001.0,14,14,1.0,3950000,3950000,282143,100.0,14.0,100.0,"$282,143",1,-0.338,1,2020,1,EAST 24TH STREET HOLDING CO. LLC,20-22 45TH ST,,ASTORIA,NY,11105,1,00401,0013,,2021,281610.0,,,,,281610.0,83456.0,17100.0,6876.0,,5.016556962025317
145,4034590002,2020082700913001.0,5,5,1.0,1200000,1200000,240000,100.0,5.0,100.0,"$240,000",1,-0.014,4,2020,1,"VIERA JR., LUCIANO",12826 OWENS GLEN DRIVE,,FAIRFAX,VA,22030,4,03459,0002,,2021,,62050.0,,,,91000.0,96708.0,,26159.0,,-0.4756666666666667
146,1018430017,2021102800044001.0,24,48,0.5,21020581,10510291,437929,100.0,24.0,100.0,"$437,929",1,-0.12,1,2021,2,COSO 165-171 MANHATTAN LLC,PO BOX 1524,,ENGLEWOOD CLIFFS,NJ,7632,1,01843,0017,,2021,150425.0,,,,,150425.0,26884.0,,,,1.1754289200936492
147,1018430051,2021102800044001.0,24,48,0.5,21020581,10510291,437929,100.0,24.0,100.0,"$437,929",1,-0.12,1,2021,2,COSO 165-171 MANHATTAN LLC,PO BOX 1524,,ENGLEWOOD CLIFFS,NJ,7632,1,01843,0051,,2021,150425.0,,,,,150425.0,27269.0,,239.0,,1.1717658435908198
148,1013100038,2021102900791001.0,8,8,1.0,4850000,4850000,606250,100.0,8.0,100.0,"$606,250",1,-0.063,1,2021,1,"924 THIRD AVENUE, LLC","305 BROADWAY, SUITE 1202",,NEW YORK,NY,10007,1,01310,0038,,2021,8110.0,25204.0,,,,33314.0,91262.0,,12784.0,,-1.1948041237113403
149,1018620064,2021110100134002.0,12,12,1.0,5427219,5427219,452268,100.0,12.0,100.0,"$452,268",1,-0.115,1,2021,1,969 AMSTERDAM HOLDINGS LLC,PO BOX 1524,,ENGLEWOOD CLIFFS,NJ,7632,1,01862,0064,,2021,61511.0,,,,,103728.0,19654.0,,95.0,,1.5491175130393668
150,1018600063,2021110100140001.0,13,13,1.0,4977334,4977334,382872,100.0,13.0,100.0,"$382,872",1,-0.139,1,2021,1,931 AMSTERDAM HOLDINGS LLC,PO BOX 1524,,ENGLEWOOD CLIFFS,NJ,7632,1,01860,0063,,2021,61402.0,,,,,83314.0,6326.0,,378.0,,1.5467718260418128
151,1018620003,2021110200056001.0,28,28,1.0,9998638,9998638,357094,100.0,28.0,100.0,"$357,094",1,-0.147,1,2021,1,965 AMSTERDAM HOLDINGS LLC,PO BOX 1524,,ENGLEWOOD CLIFFS,NJ,7632,1,01862,0003,,2021,120815.0,,,,,149895.0,65771.0,,204.0,,0.8413545924954979
152,1018600061,2021110300023002.0,27,27,1.0,13155176,13155176,487229,100.0,27.0,100.0,"$487,229",1,-0.103,1,2021,1,933 AMSTERDAM HOLDINGS LLC,PO BOX 1524,,ENGLEWOOD CLIFFS,NJ,7632,1,01860,0061,,2021,155123.0,,,,,155123.0,40749.0,,296.0,,0.8694220434603079
153,1018600064,2021110300097001.0,13,13,1.0,4416383,4416383,339722,100.0,13.0,100.0,"$339,722",1,-0.153,1,2021,1,929 AMSTERDAM HOLDINGS LLC,PO BOX 1524,,ENGLEWOOD CLIFFS,NJ,76320524,1,01860,0064,,2021,70592.0,,,,,91328.0,17639.0,,95.0,,1.6685373528518699
154,1005370006,2021110800647001.0,34,34,1.0,11200000,11200000,329412,100.0,34.0,100.0,"$329,412",1,-0.157,1,2021,1,"218 THOMPSON STREET, LLC",218-220 THOMPSON STREET,,NEW YORK,NY,10012,1,00537,0006,,2021,160781.0,213560.0,,,,446341.0,360951.0,60000.0,56311.0,,0.7624107142857143
155,1014370041,2021111100043002.0,90,90,1.0,10976184,10976184,121958,100.0,90.0,100.0,"$121,958",1,-0.228,1,2021,4,172 EM RIVINGTON HOLDINGS LLC,C/O KEYSTONE 63 LLC,"44 EAST 32ND STREET, 9TH FLOOR",NEW YORK,NY,10016,1,01437,0041,,2021,403193.0,1888100.0,,,,2355558.0,874254.0,45858.0,133142.0,,13.495619242534564
156,1010100023,2021111200594001.0,7,7,1.0,7300000,7300000,1042857,100.0,7.0,100.0,"$1,042,857",1,0.086,1,2021,1,117 WEST 57TH STREET REALTY CORP.,C/O: RIVKIN RADLER LLP,"477 MADISON AVE, SUITE 410",NEW YORK,NY,10022,1,01010,0023,,2021,8579.0,3230.0,,,,77875.0,15422.0,,272.0,,0.8555205479452055
157,1021590005,2021020300289001.0,36,36,1.0,5388000,5388000,149667,100.0,36.0,100.0,"$149,667",1,-0.218,1,2021,1,PALU PROPERTIES LLC,7 SAUCON VALLEY CT.,,SKILLMAN,NJ,8558,1,02159,0005,,2021,358570.0,,,,135184.0,522191.0,257448.0,,66241.0,,4.913567186340015
158,1003900057,2021021700227001.0,10,10,1.0,3425000,3425000,342500,100.0,10.0,100.0,"$342,500",1,-0.152,1,2021,1,"ATK SISTERS, LLC",197 EAST 7TH STREET,,NEW YORK,NY,10009,1,00390,0057,,2021,231480.0,,,,,231585.0,169172.0,87240.0,33333.0,,1.8222773722627736
159,3032370027,2021022600715001.0,21,21,1.0,4000000,4000000,190476,100.0,21.0,100.0,"$190,476",1,-0.656,3,2021,1,"RS JZ 950 HART, LLC","C/O: REDSKY CAPITAL, LLC",3 HOPE STREET,BROOKLYN,NY,11211,3,03237,0027,,2021,107437.0,228301.0,,,,335738.0,283416.0,,,,1.30805
160,3002490025,2021030200152001.0,9,9,1.0,2800000,2800000,311111,100.0,9.0,100.0,"$311,111",1,-0.158,3,2021,1,ADKHA REALTY CORP.,380 RECTOR PLACE APT 11H,,NEW YORK,NY,10280,3,00249,0025,,2021,132840.0,,,,,133590.0,61330.0,11200.0,17068.0,,2.5807142857142855
161,2027900018,2021030800058001.0,20,20,1.0,3850000,3850000,192500,100.0,20.0,100.0,"$192,500",1,0.2,2,2021,1,346 EAST 173RD STREET BRONX LLC,346 E 173RD ST,,BRONX,NY,104577913,2,02790,0018,,2021,313776.0,,,,,369148.0,180034.0,,71611.0,,4.912051948051948
162,3066210001,2021031000017001.0,47,47,1.0,8150000,8150000,173404,100.0,47.0,100.0,"$173,404",1,-0.727,3,2021,1,MNM REALTY I LLC,2217 83RD STREET,,BROOKLYN,NY,11214,3,06621,0001,,2021,428419.0,,,,,428419.0,170097.0,,30973.0,36047042800.0,3.1695950920245397
163,3047240040,2021031000448001.0,39,39,1.0,4250000,4250000,108974,100.0,39.0,100.0,"$108,974",1,-0.993,3,2021,2,THE REVOCABLE LIVING TRUST OF GASPAR CALLENDER,491 EAST 52 STREET,,BROOKLYN,NY,11203,3,04724,0040,,2021,418871.0,,,,,418871.0,241651.0,,61734.0,,4.169882352941176
164,1011960114,2021031601070001.0,10,10,1.0,3900000,3900000,390000,100.0,10.0,100.0,"$390,000",1,-0.136,1,2021,1,THE ROITMAN FAMILY L.P.,11285 BANNOCK AVENUE,,BOYNTON BEACH,FL,33437,1,01196,0114,,2021,71304.0,132460.0,,,,203764.0,99190.0,,36825.0,,2.6813846153846153
165,3009140001,2021092701511001.0,43,43,1.0,7000000,7000000,162791,100.0,43.0,100.0,"$162,791",1,-0.771,3,2021,1,LITTLEBOY REALTY LLC,3972 ALBATROSS STREET,SUITE 402,SAN DIEGO,CA,92103,3,00914,0001,,2021,264265.0,11970.0,,,,276235.0,148140.0,,88274.0,,1.8299285714285713
166,1013760122,2021093001043001.0,8,8,1.0,20000000,20000000,2500000,100.0,8.0,100.0,"$2,500,000",1,0.583,1,2021,1,VORNADO 677 MADISON LLC,C/O: VORNADO REALTY TRUST,888 SEVENTH AVENUE,NEW YORK,NY,10019,1,01376,0122,,2021,4083.0,,,,,4083.0,30540.0,,,,-0.132285
167,1020790029,2021101200892001.0,17,33,0.5151515152,8500000,4378788,257576,100.0,17.0,100.0,"$257,576",1,-0.181,1,2021,1,147 AMSTERDAM LLC,C/O: RETTNER BUILDING MANAGEMENT CORP.,"30 CHURCH STREET, SUITE 4",NEW ROCHELLE,NY,10801,1,02079,0029,,2021,426953.0,,,,,426953.0,708489.0,,368627.0,,-6.4295416905317175
168,1004140061,2021102601707001.0,5,5,1.0,1950100,1950100,390020,100.0,5.0,100.0,"$390,020",1,-0.136,1,2021,1,GOLSAM APPAREL CORP.,264 BROOME STREET,,NEW YORK,NY,10002,1,00414,0061,,2021,10466.0,153200.0,,,,187636.0,118827.0,3220.0,26676.0,,3.528485718681093
169,1004480017,2021042800129002.0,22,22,1.0,10055518,10055518,457069,100.0,22.0,100.0,"$457,069",1,-0.113,1,2021,1,66 EAST 7TH STREET LLC,875 THIRD AVENUE,,NEW YORK,NY,10022,1,00448,0017,,2021,,,,,,,91275.0,,11464.0,,
170,1004610045,2021042800129003.0,16,16,1.0,8159083,8159083,509943,100.0,16.0,100.0,"$509,943",1,-0.095,1,2021,1,223 EAST 5TH STREET LLC,875 THIRD AVENUE,,NEW YORK,NY,10022,1,00461,0045,,2021,13352.0,,,,,13247.0,69766.0,,1801.0,,-0.692712649203348
171,1004610022,2021042800129004.0,20,20,1.0,9371919,9371919,468596,100.0,20.0,100.0,"$468,596",1,-0.109,1,2021,1,228 EAST 6TH STREET LLC,875 THIRD AVENUE,,NEW YORK,NY,10022,1,00461,0022,,2021,11251.0,3749.0,,,,14851.0,79482.0,,9133.0,,-0.6896239713552795
172,1004610042,2021042800129005.0,10,10,1.0,8379598,8379598,837960,100.0,10.0,100.0,"$837,960",1,0.016,1,2021,1,229 EAST 5TH STREET LLC,875 THIRD AVENUE,,NEW YORK,NY,10022,1,00461,0042,,2021,4182.0,,,,,4182.0,45201.0,,2044.0,,-0.48951035598605086
173,1004610041,2021042800129006.0,8,8,1.0,5953925,5953925,744241,100.0,8.0,100.0,"$744,241",1,-0.015,1,2021,1,231 EAST 5TH STREET LLC,875 THIRD AVENUE,,NEW YORK,NY,10022,1,00461,0041,,2021,24036.0,,,,,19036.0,37798.0,,948.0,,-0.31511985790885844
174,1004610039,2021042800129008.0,10,10,1.0,8710372,8710372,871037,100.0,10.0,100.0,"$871,037",1,0.028,1,2021,1,235 EAST 5TH STREET LLC,875 THIRD AVENUE,,NEW YORK,NY,10022,1,00461,0039,,2021,25898.0,,,,,25898.0,42957.0,,2132.0,,-0.19584697415908298
175,1004380051,2021042800129009.0,20,20,1.0,9041146,9041146,452057,100.0,20.0,100.0,"$452,057",1,-0.115,1,2021,1,253 EAST 10TH STREET LLC,875 THIRD AVENUE,,NEW YORK,NY,100226225,1,00438,0051,,2021,41193.0,,,,,40857.0,82554.0,,10502.0,,-0.46119153478994807
176,1004540059,2021040000000000.0,37,37,1.0,19475951,19475951,526377,100.0,37.0,100.0,"$526,377",1,-0.09,1,2021,1,325 EAST 12TH STREET LLC,875 THIRD AVENUE,,NEW YORK,NY,100226225,1,00454,0059,,2021,8851.0,,,,,9087.0,116543.0,,11233.0,,-0.5517368574196967
177,1004540057,2021042800129011.0,22,22,1.0,11696155,11696155,531643,100.0,22.0,100.0,"$531,643",1,-0.088,1,2021,1,327 EAST 12TH STREET LLC,875 THIRD AVENUE,,NEW YORK,NY,10022,1,00454,0057,,2021,,,,,,,131527.0,,43525.0,,
178,1004540056,2021042800129012.0,24,24,1.0,12744046,12744046,531002,100.0,24.0,100.0,"$531,002",1,-0.088,1,2021,1,329 EAST 12TH STREET LLC,875 THIRD AVENUE,,NEW YORK,NY,10022,1,00454,0056,,2021,,,,,,,76549.0,,2360.0,,
179,1004500021,2021042800129013.0,20,20,1.0,8379598,8379598,418980,100.0,20.0,100.0,"$418,980",1,-0.126,1,2021,1,334 EAST 9TH STREET LLC,875 THIRD AVENUE,,NEW YORK,NY,10022,1,00450,0021,,2021,,,,,,,74264.0,,3795.0,,
180,1004050015,2021042800129014.0,20,20,1.0,9482177,9482177,474109,100.0,20.0,100.0,"$474,109",1,-0.108,1,2021,1,514 EAST 12TH STREET LLC,875 THIRD AVENUE,,NEW YORK,NY,10022,1,00405,0015,,2021,36873.0,,,,,37072.0,61757.0,,5327.0,,-0.26033051270821034
181,1004050013,2021042800129015.0,20,20,1.0,9923209,9923209,496160,100.0,20.0,100.0,"$496,160",1,-0.1,1,2021,1,510 EAST 12TH STREET LLC,875 THIRD AVENUE,,NEW YORK,NY,10022,1,00405,0013,,2021,61983.0,,,,,61983.0,54641.0,,1153.0,,0.07398816249864333
182,1008970044,2021043001389001.0,12,12,1.0,6000000,6000000,500000,100.0,12.0,100.0,"$500,000",1,-0.099,1,2021,1,ELEBEN YAU MEI WONG 175 LLC,"42-55 COLDEN STREET, APT 2E",,"FLUSHING,",NY,11355,1,00897,0044,,2021,,210000.0,,,,305000.0,329510.0,100000.0,35000.0,,-0.4085
183,1007630005,2021043001389003.0,18,18,1.0,4000000,4000000,222222,100.0,18.0,100.0,"$222,222",1,-0.193,1,2021,1,ELEBEN YAU MEI WONG 532 LLC,"42-55 COLDEN STREET, APT 2E",,"FLUSHING,",NY,11355,1,00763,0005,,2021,168361.0,,,,,240361.0,225223.0,34350.0,17913.0,,0.37845
184,1017670021,2021043001389005.0,16,16,1.0,4000000,4000000,250000,100.0,16.0,100.0,"$250,000",1,-0.184,1,2021,1,ELEBEN YAU MEI WONG 1901 LLC,"42-55 COLDEN STREET, APT 2E",,"FLUSHING,",NY,11355,1,01767,0021,,2021,240310.0,,,,,327407.0,269010.0,50000.0,,,1.459925
185,1004290016,2021050400428004.0,20,20,1.0,5000000,5000000,250000,100.0,20.0,100.0,"$250,000",1,-0.184,1,2021,1,"GRAND CONCOURSE/DAVIDSON ASSOCIATES, L.P.",1430 BROADWAY,SUITE 903,NEW YORK,NY,10018,1,00429,0016,,2021,121079.0,442019.0,,,,563098.0,148372.0,21846.0,47909.0,,8.29452
186,4032560031,2021050401271001.0,13,13,1.0,4250000,4250000,326923,100.0,13.0,100.0,"$326,923",1,0.46,4,2021,1,71-11 AUSTIN STREET CORPORATION,2971 ROUTE 9,,COLD SPRING,NY,10516,4,03256,0031,,2021,14800.0,92797.0,,,,157117.0,47009.0,,,,2.5907764705882355
187,4095230051,2021051000473001.0,32,32,1.0,6100000,6100000,190625,100.0,32.0,100.0,"$190,625",1,-0.328,4,2021,1,104-35 LLC,666 CANTIAGUE ROCK ROAD,2ND FLOOR,JERICHO,NY,11753,4,09523,0051,,2021,378412.0,,,,,388912.0,182954.0,,26565.0,,3.376360655737705
188,1004090001,2021051000882001.0,14,14,1.0,4750000,4750000,339286,100.0,14.0,100.0,"$339,286",1,-0.154,1,2021,1,"BORYK & KESSMAN, LTD.",18-15 215 STREET,,BAYSIDE,NY,11360,1,00409,0001,,2021,,200837.0,,96000.0,,296837.0,182079.0,,27236.0,,2.415957894736842
189,1008370029,2021051001351001.0,6,6,1.0,3500000,3500000,583333,100.0,6.0,100.0,"$583,333",1,-0.07,1,2021,1,"21 WEST 35TH STREET OWNERS, LLC",28 LOCUST AVENUE,,PORT WASHINGTON,NY,11050,1,00837,0029,,2021,,,,,,,35587.0,,4720.0,,
190,1008860039,2021052400496001.0,11,11,1.0,4400000,4400000,400000,100.0,11.0,100.0,"$400,000",1,-0.133,1,2021,1,"SIGMA DEVELOPMENT CO., INC.","90 GUERNSEY STREET, UNIT 6",,BROOKLYN,NY,11222,1,00886,0039,,2021,7995.0,,,,,,5437.0,,,,
191,3012680001,2021052800008001.0,16,16,1.0,1800000,1800000,112500,100.0,16.0,100.0,"$112,500",1,-0.979,3,2021,3,1501 AE DEKALB LLC,"381 PARK AVENUE SOUTH, RM 621",,NEW YORK,NY,10016,3,01268,0001,,2021,117342.0,,,,,117342.0,70840.0,,16387.0,,2.5834444444444444
192,1022420037,2021052800715003.0,82,82,1.0,15150000,15150000,184756,100.0,82.0,100.0,"$184,756",1,-0.206,1,2021,1,101 COOPER STREET LLC,C/O:. ROSEDALE MANAGEMENT CO.,"21 WEST 38TH STREET, 8TH FLOOR",NEW YORK,NY,10019,1,02242,0037,,2021,1029171.0,,,,,1029629.0,241479.0,,14800.0,,5.202310231023103
193,4006230063,2021052800831001.0,17,17,1.0,3100000,3100000,182353,100.0,17.0,100.0,"$182,353",1,-0.376,4,2021,1,ROSA'S LEGACY LLC,360 GREAT NECK ROAD,,GREAT NECK,NY,11021,4,00623,0063,,2021,130117.0,,,,,130117.0,39147.0,,27168.0,,2.934516129032258
194,3011770007,2021060200724001.0,63,63,1.0,22000000,22000000,349206,100.0,63.0,100.0,"$349,206",1,-0.001,3,2021,2,"PROSPECT HEIGHTS ASSOCIATES, L.P.",80 LIVINGSTON ST,,BROOKLYN,NY,11201,3,01177,0007,,2021,735015.0,,,,,735015.0,283443.0,,32899.0,,2.0526
195,2030750028,2021060300505001.0,6,6,1.0,1776000,1776000,296000,100.0,6.0,100.0,"$296,000",1,1.133,2,2021,2,"ESPOSITO, RALPH",3287 LUCERNE ST,,BRONX,NY,104651216,2,03075,0028,,2021,2326.0,,,,,21026.0,38132.0,,,,-0.9631756756756756
196,1015140058,2021060800414001.0,12,12,1.0,8000000,8000000,666667,100.0,12.0,100.0,"$666,667",1,-0.042,1,2021,1,"128 EAST 86TH STREET ASSOCIATES, L.L.C.",C/O: SANDERS INVESTMENTS,"1697 BROADWAY, SUITE 903",NEW YORK,NY,10019,1,01514,0058,,2021,5688.0,66278.0,,,,152966.0,83513.0,,742.0,,0.8681625
197,1015140058,2021083100743001.0,12,12,1.0,6800000,6800000,566667,100.0,12.0,100.0,"$566,667",1,-0.076,1,2021,1,NAMDAR EAST 86 STREET LLC,"150 GREAT NECK RD, SUITE 304",,GREAT NECK,NY,11021,1,01514,0058,,2021,5688.0,66278.0,,,,152966.0,83513.0,,742.0,,1.0213676470588235
198,1010640055,2021060800480001.0,20,20,1.0,4550000,4550000,227500,100.0,20.0,100.0,"$227,500",1,-0.192,1,2021,3,MERKER FAMILY LP,"647 W 174TH STREET, SUITE GF2",,NEW YORK,NY,10033,1,01064,0055,,2021,35428.0,,,,,35428.0,,,,,
199,1013100027,2021061101415001.0,56,56,1.0,47000000,47000000,839286,100.0,56.0,100.0,"$839,286",1,0.017,1,2021,1,"CAPITAL 155 EAST 55TH, LLC",C/O: PALIN ENTERPRISES,235 PARK AVENUE SOUTH,NEW YORK,NY,10003,1,01310,0027,,2021,149917.0,996765.0,,216412.0,,3028680.0,2045417.0,21750.0,177189.0,,2.0920489361702126
200,1012710007,2021061101415002.0,79,79,1.0,45000000,45000000,569620,100.0,79.0,100.0,"$569,620",1,-0.075,1,2021,1,"65 WEST 55TH CAPITAL, LLC",C/O: PALIN ENTERPRISES,235 PARK AVE S,NEW YORK,NY,10003,1,01271,0007,,2021,782738.0,898811.0,,,,2818293.0,1822992.0,66237.0,128281.0,,2.21178
201,1013310039,2021061101415003.0,105,105,1.0,38000000,38000000,361905,100.0,105.0,100.0,"$361,905",1,-0.146,1,2021,1,58TH STREET CAPITAL LLC,C/O: PALIN ENTERPRISES,235 PARK AVENUE SOUTH,NEW YORK,NY,10003,1,01331,0039,,2021,894318.0,901392.0,,,6802.0,1812776.0,1866887.0,85722.0,175620.0,,-0.14239736842105263
202,1005710018,2021061800293003.0,20,20,1.0,23500000,23500000,1175000,100.0,20.0,100.0,"$1,175,000",1,0.131,1,2021,4,"DUSHEY, SAMUEL J",C/O: JENEL MANAGEMENT CORP.,"275 MADISON AVENUE, SUITE 1100",NEW YORK,NY,10016,1,00571,0018,,2021,,315095.0,,,,1067468.0,170144.0,,62293.0,,3.8184
203,1012320014,2021062100332001.0,128,128,1.0,70250000,70250000,548828,100.0,128.0,100.0,"$548,828",1,-0.082,1,2021,1,"EAGLE COURT, LLC",68 MAIN STREET,,TUCKAHOE,NY,10707,1,01232,0014,,2021,,1278975.0,,,,1421800.0,734405.0,,43840.0,,0.9784982206405693
204,3011640082,2021062101445001.0,24,68,0.3529411765,24321263,8583975,357666,100.0,24.0,100.0,"$357,666",1,0.034,3,2021,6,STERLING PORTFOLIO 429 LP,63 WHITEHALL BOULEVARD,,GARDEN CITY,NY,11530,3,01164,0082,,2021,32158.0,287598.0,,,,319756.0,115377.0,3750.0,13027.0,,2.380936570761215
205,3011660064,2021062101445001.0,8,68,0.1176470588,24321263,2861325,357666,100.0,8.0,100.0,"$357,666",1,0.034,3,2021,6,STERLING PORTFOLIO 429 LP,63 WHITEHALL BOULEVARD,,GARDEN CITY,NY,11530,3,01166,0064,,2021,45924.0,138818.0,,,,184742.0,74850.0,12829.0,20242.0,,3.840598324202948
206,3051630063,2021062101445001.0,16,68,0.2352941176,24321263,5722650,357666,100.0,16.0,100.0,"$357,666",1,0.034,3,2021,6,STERLING PORTFOLIO 429 LP,63 WHITEHALL BOULEVARD,,GARDEN CITY,NY,11530,3,05163,0063,,2021,104978.0,94763.0,,,,199741.0,84066.0,10960.0,18728.0,,2.0213537434580133
207,3015400018,2021112300335001.0,6,6,1.0,1700000,1700000,283333,100.0,6.0,100.0,"$283,333",1,-0.273,3,2021,1,202 HULL STREET JAMAR LLC,"C/O GUTMAN WEISS, P.C. 2276 65TH STREET",,BROOKLYN,NY,11204,3,01540,0018,,2021,,1055.0,,,,1055.0,22091.0,,11800.0,,-1.2374117647058824
208,3046950031,2021112400029001.0,30,30,1.0,4050000,4050000,135000,100.0,30.0,100.0,"$135,000",1,-0.886,3,2021,1,EAST FORT LLC,"841 OCEAN PARKWAY,",,BROOKLYN,NY,11230,3,04695,0031,,2021,37758.0,,,,,37758.0,25981.0,,1558.0,,0.2907901234567901
209,1012030040,2021120300230001.0,10,10,1.0,3800000,3800000,380000,100.0,10.0,100.0,"$380,000",1,-0.14,1,2021,1,SHACK WEST 90TH STREET LLC,C/O: AJ CLARKE REAL ESTATE,250 WEST 57TH STREET SUITE 720,NEW YORK,NY,10107,1,01203,0040,,2021,45600.0,79075.0,,,,124675.0,50850.0,,7290.0,,1.9427631578947369
210,1012380061,2021120701219001.0,13,13,1.0,3000000,3000000,230769,100.0,13.0,100.0,"$230,769",1,-0.191,1,2021,1,638 WEST END AVENUE CORP.,PO BOX 535,,HAWTHORNE,NJ,75070535,1,01238,0061,,2021,5282.0,10005.0,,,,15288.0,28376.0,,7150.0,,-0.4362666666666667
211,1011850031,2021122301112001.0,10,10,1.0,4450000,4450000,445000,100.0,10.0,100.0,"$445,000",1,-0.117,1,2021,1,312 WEST 76TH STREET LLC,43 ROCKLEDGE ROAD,,BRONXVILLE,NY,10708,1,01185,0031,,2021,293478.0,,,,,293478.0,75236.0,,4789.0,,4.904314606741573
212,2024330059,2021122301443004.0,15,15,1.0,1750000,1750000,116667,100.0,15.0,100.0,"$116,667",1,-0.484,2,2021,1,RH 166 LLC,PO BOX 315,,CEDARHURST,NY,11516,2,02433,0059,,2021,1296.0,,,,,1296.0,21172.0,,1355.0,,-1.1357714285714287
213,3046740021,2021062100861001.0,38,38,1.0,3730000,3730000,98158,100.0,38.0,100.0,"$98,158",1,-1.038,3,2021,2,THE REVOCABLE TRUST OF GASPER CALLENDER,374 EAST 49TH STREET,,BROOKLYN,NY,11203,3,04674,0021,,2021,234623.0,,,,,234623.0,143285.0,,32524.0,,2.448739946380697
214,3002740035,2021063000602002.0,14,14,1.0,3850000,3850000,275000,100.0,14.0,100.0,"$275,000",1,-0.307,3,2021,1,"90 STATE STREET ASSOCIATES, INC.",C/O: ATHINEOS ENTERPRISES INC.,"8802 RIDGE BOULEVARD, MGMT OFFICE",BROOKLYN,NY,11209,3,00274,0035,,2021,42474.0,144408.0,,,,186882.0,44644.0,6300.0,13811.0,,3.6944935064935063
215,1010320103,2021063000609002.0,6,6,1.0,3500000,3500000,583333,100.0,6.0,100.0,"$583,333",1,-0.07,1,2021,1,MOLLANEY LLC,C/O: SANDERS INVESTMENTS,1697 BROADWAY SUITE 903,NEW YORK,NY,10019,1,01032,0103,,2021,11844.0,49212.0,,,,61056.0,26530.0,,,,0.9864571428571428
216,1010320063,2021063000609003.0,6,6,1.0,3500000,3500000,583333,100.0,6.0,100.0,"$583,333",1,-0.07,1,2021,1,MOLLANEY LLC,C/O: SANDERS INVESTMENTS,1697 BROADWAY SUITE 903,NEW YORK,NY,10019,1,01032,0063,,2021,31812.0,18900.0,,,,50712.0,28501.0,,854.0,,0.6346
217,1010320004,2021063000609004.0,6,6,1.0,3500000,3500000,583333,100.0,6.0,100.0,"$583,333",1,-0.07,1,2021,1,MOLLANEY LLC,C/O: SANDERS INVESTMENTS,1697 BROADWAY SUITE 903,NEW YORK,NY,10019,1,01032,0004,,2021,29040.0,11400.0,,,,55440.0,29391.0,,441.0,,0.7442571428571428
218,1005550040,2021063000881001.0,14,14,1.0,3350000,3350000,239286,100.0,14.0,100.0,"$239,286",1,-0.188,1,2021,1,CHARM COFFEE LLC,10271 MONTE MAR DRIVE,,LOS ANGELES,CA,90064,1,00555,0040,,2021,5226.0,,,,,5226.0,48426.0,,3845.0,,-1.2895522388059701
219,3032800004,2021070100338001.0,6,6,1.0,680000,680000,113333,100.0,6.0,100.0,"$113,333",1,-0.975,3,2021,2,"UGOCHUKWU ANEKWE, AS EXECUTOR",901 PINE ST,,MILLVILLE,NJ,8332,3,03280,0004,,2021,,37788.0,,,,37788.0,36365.0,,10382.0,36047044300.0,0.20926470588235294
220,1018800023,2021070100764001.0,21,21,1.0,5050000,5050000,240476,100.0,21.0,100.0,"$240,476",1,-0.187,1,2021,1,KEYSTONE REALTY CORP.,"309 W 107TH STREET, UNIT #2R",,NEW YORK,NY,10025,1,01880,0023,,2021,85087.0,283200.0,,,,368287.0,175461.0,10700.0,42538.0,,3.818336633663366
221,2037230048,2021070200313001.0,35,35,1.0,5000000,5000000,142857,100.0,35.0,100.0,"$142,857",1,-0.248,2,2021,1,CROES REALTY LLC,C/O: RETTNER REALTY,"30 CHURCH STREET, SUITE 4",NEW ROCHELLE,NY,10801,2,03723,0048,,2021,197072.0,,,,4164.0,257446.0,218011.0,14368.0,33783.0,,0.7887
222,3013860054,2021070201551001.0,23,23,1.0,3240000,3240000,140870,100.0,23.0,100.0,"$140,870",1,-0.861,3,2021,1,"R.& A. LINCOLN REALTY COMPANY, INC.",18718 SEA TURTLE LANE,,BOCA RATON,FL,33498,3,01386,0054,,2021,164597.0,,,,,165377.0,104454.0,49167.0,3345.0,,1.8803395061728394
223,2030510031,2021070500048001.0,32,32,1.0,6140000,6140000,191875,100.0,32.0,100.0,"$191,875",1,0.194,2,2021,1,EH & HD 183RD REALTY LLC,"383 KINGSTON AVENUE, #50",,BROOKLYN,NY,11213,2,03051,0031,,2021,,,,,,,113792.0,,8134.0,,
224,1016150011,2021070600580001.0,30,30,1.0,5500000,5500000,183333,100.0,30.0,100.0,"$183,333",1,-0.207,1,2021,1,"1983 HEIGHTS, LLC",C/O: RETTNER REALTY,"30 CHURCH STREET, SUITE 4",NEW ROCHELLE,NY,10801,1,01615,0011,,2021,244035.0,,,,8752.0,252787.0,186152.0,12987.0,34064.0,,1.2115454545454545
225,3065410046,2021070600768001.0,7,7,1.0,5518000,5518000,788286,100.0,7.0,100.0,"$788,286",1,1.813,3,2021,1,OCEAN 1296 LLC,57 CUTTERMILL RD,,GREAT NECK,NY,110213259,3,06541,0046,,2021,,31200.0,,103300.0,,134500.0,64441.0,,1672.0,,1.2696447988401596
226,2029710019,2021072100020003.0,21,21,1.0,2625000,2625000,125000,100.0,21.0,100.0,"$125,000",1,-0.409,2,2021,1,1390 PROSPECT AVENUE LLC,1390 PROSPECT AVENUE,,BRONX,NY,10459,2,02971,0019,,2021,132473.0,,,,,132473.0,46622.0,,7652.0,,3.270514285714286
227,2039230038,2021070000000000.0,19,19,1.0,1900000,1900000,100000,100.0,19.0,100.0,"$100,000",1,-0.634,2,2021,1,1517 WHITE PLAINS ROAD LLC,1517 WHITE PLAINS ROAD,,BRONX,NY,10462,2,03923,0038,,2021,98766.0,,,,,98766.0,35143.0,,6180.0,,3.348578947368421
228,1001790032,2021072100774001.0,16,16,1.0,41000000,41000000,2562500,100.0,16.0,100.0,"$2,562,500",1,0.604,1,2021,1,QUEENWOOD 34 LLC,C/O LOEB BLOCK & PARTNER LLP,"505 PARK AVENUE, 8TH FLOOR",NEW YORK,NY,10022,1,00179,0032,,2021,1727169.0,,,,,1968217.0,367839.0,60.0,67342.0,,3.9033609756097563
229,2031910054,2021072700200002.0,31,31,1.0,3025000,3025000,97581,100.0,31.0,100.0,"$97,581",1,-0.656,2,2021,2,"DOUGLAS N. MENCHISE, AS CHAPTER 7 TRUSTEE",2963 GULF TO BAY BLVD. SUITE 300,,CLEARWATER,FL,33759,2,03191,0054,,2021,148027.0,,,,,148027.0,129759.0,,93857.0,,0.603900826446281
230,1021700001,2021080300872001.0,35,35,1.0,6800000,6800000,194286,100.0,35.0,100.0,"$194,286",1,-0.203,1,2021,1,"675 WEST 187TH STREET CO., L.P.","C/O: BECKER, GLYNN, MUFFLY, CHASSIN & HOSINSKI LLP",299 PARK AVENUE 16TH FLOOR,NEW YORK,NY,10171,1,02170,0001,,2021,291286.0,,,,30705.0,323042.0,154561.0,,90415.0,,2.4776617647058825
231,3010470003,2021080301605013.0,134,134,1.0,86000000,86000000,641791,100.0,134.0,100.0,"$641,791",1,1.208,3,2021,1,PARTNERS VII/541-555 FOURTH OWNER LLC,C/O:. SLATE PROPERTY GROUP,"38 EAST 29TH STREET, 9TH FLOOR",NEW YORK,NY,10016,3,01047,0003,,2021,201617.0,,,,,2133097.0,247459.0,,23672.0,36047014100.0,2.1926023255813956
232,1020120039,2021080600489002.0,15,60,0.25,25354014,6338503,422567,100.0,15.0,100.0,"$422,567",1,-0.125,1,2021,1,104-110 144 LLC,"C/O: RENAISSANCE REALTY GROUP, LLC",1946 CONEY ISLAND AVE ATTN: SAM KAIRY,BROOKLYN,NY,112232329,1,02012,0039,,2021,820672.0,,,,,820672.0,199182.0,,31629.0,36061023200.0,9.804996542559024
233,1020120039,2021080600489002.0,15,60,0.25,25354014,6338503,422567,100.0,15.0,100.0,"$422,567",1,-0.125,1,2021,1,104-110 144 LLC,"C/O: RENAISSANCE REALTY GROUP, LLC",1946 CONEY ISLAND AVE ATTN: SAM KAIRY,BROOKLYN,NY,112232329,1,02012,0039,,2021,820672.0,,,,,820672.0,199182.0,,31629.0,36061023200.0,9.804996542559024
234,1020120039,2021080600489002.0,15,60,0.25,25354014,6338503,422567,100.0,15.0,100.0,"$422,567",1,-0.125,1,2021,1,104-110 144 LLC,"C/O: RENAISSANCE REALTY GROUP, LLC",1946 CONEY ISLAND AVE ATTN: SAM KAIRY,BROOKLYN,NY,112232329,1,02012,0039,,2021,820672.0,,,,,820672.0,199182.0,,31629.0,36061023200.0,9.804996542559024
235,1020120039,2021080600489002.0,15,60,0.25,25354014,6338503,422567,100.0,15.0,100.0,"$422,567",1,-0.125,1,2021,1,104-110 144 LLC,"C/O: RENAISSANCE REALTY GROUP, LLC",1946 CONEY ISLAND AVE ATTN: SAM KAIRY,BROOKLYN,NY,112232329,1,02012,0039,,2021,820672.0,,,,,820672.0,199182.0,,31629.0,36061023200.0,9.804996542559024
236,1009100001,2021080800029001.0,6,6,1.0,4400000,4400000,733333,100.0,6.0,100.0,"$733,333",1,-0.019,1,2021,1,"EDWARD D. JAMIE REALTY, LLC",C/O PO BOX 604232,,BAYSIDE,NY,11360,1,00910,0001,,2021,37486.0,33500.0,,,,70986.0,21808.0,,4864.0,,1.1176818181818182
237,3001760036,2021081101435002.0,22,22,1.0,16500000,16500000,750000,100.0,22.0,100.0,"$750,000",1,1.655,3,2021,1,TSOUMPAS 333 GROUP LLC,333 ATLANTIC AVENUE,,BROOKLYN,NY,11201,3,00176,0036,,2021,,402516.0,,,,491449.0,150858.0,7650.0,69803.0,,2.064187878787879
238,1021570067,2021081200006001.0,24,42,0.5714285714,12550000,7171429,298810,100.0,24.0,100.0,"$298,810",1,-0.167,1,2021,1,1520-26 ST. NICHOLAS HOLDING LLC,C/O: BARBERRY ROSE MANAGEMENT CO. INC.,1024 BROADWAY,WOODMERE,NY,11598,1,02157,0067,,2021,357600.0,64000.0,,,,636800.0,691032.0,300000.0,120000.0,,-0.7562230623771078
239,1004550027,2021090300496001.0,17,17,1.0,3526000,3526000,207412,100.0,17.0,100.0,"$207,412",1,-0.198,1,2021,1,338 E. 14TH REALTY CORP.,20 CONFUCIUS PLAZA #34H,,NEW YORK,NY,10002,1,00455,0027,,2021,135671.0,80317.0,,,,215988.0,214800.0,50000.0,35000.0,,0.033692569483834374
240,3013990052,2021090500035001.0,22,22,1.0,2450000,2450000,111364,100.0,22.0,100.0,"$111,364",1,-0.983,3,2021,1,UNION STREET REALTY LLC,1529 56TH STREET,,BROOKLYN,NY,11219,3,01399,0052,,2021,83277.0,,,,,83277.0,48005.0,,21657.0,,1.439673469387755
241,3019970020,2021090801019006.0,61,61,1.0,8353019,8353019,136935,100.0,61.0,100.0,"$136,935",1,-0.878,3,2021,1,JEFFERSON CATCH HOUSING DEVELOPMENT FUND COMPANY,INC C/O CATCH,"121 SIXITH AVENUE, SUITE 501",NEW YORK,NY,10013,3,01997,0020,,2021,537246.0,,,,,537246.0,320049.0,,102649.0,36047022700.0,2.6002215486400786
242,3014070041,2021092100237003.0,24,24,1.0,3170000,3170000,132083,100.0,24.0,100.0,"$132,083",1,-0.898,3,2021,1,1616 PRESIDENT STREET REALTY LLC,2003 AVENUE J. SUITE 1C,,BROOKLYN,NY,11210,3,01407,0041,,2021,65846.0,,,,3372.0,72082.0,86760.0,,7225.0,,-0.4630283911671924
243,3009180012,2021092400709001.0,35,35,1.0,5400000,5400000,154286,100.0,35.0,100.0,"$154,286",1,-0.806,3,2021,1,"LITTLECITY REALTY, LLC",614 40TH STREET,,BROOKLYN,NY,11232,3,00918,0012,,2021,207940.0,,,,,207940.0,41895.0,,5562.0,,3.0749074074074074
244,1014510029,2021100400677001.0,12,12,1.0,4900000,4900000,408333,100.0,12.0,100.0,"$408,333",1,-0.13,1,2021,1,THE SURREY ENTERPRISES LIMITED PARTNERSHIP,10601 CAYMAN ISLE CT,,TAMPA,FL,336473372,1,01451,0029,,2021,83446.0,,,,,119446.0,21680.0,,2300.0,,1.9952244897959184
245,1017250001,2021092801037005.0,13,13,1.0,3750000,3750000,288462,100.0,13.0,100.0,"$288,462",1,-0.171,1,2021,1,SCARLET 81 REALTY LLC,C/O: LESLEY BERMAN O'HARA,65 GLENBROOK RD,STAMFORD,CT,6902,1,01725,0001,,2021,75220.0,,,,,123531.0,92923.0,,21947.0,,0.8162133333333333
246,3051850069,2020012201209001.0,49,49,1.0,7000000,7000000,142857,100.0,49.0,100.0,"$142,857",1,-0.643,3,2020,0,OCEAN - 21 CO.,429 MAYFAIR DRIVE SOUTH,,BROOKLYN,NY,11234,3,05185,0069,,2021,751555.0,,,,,751555.0,409333.0,,101492.0,,4.888885714285714
247,1014140013,2020012101250005.0,25,25,1.0,17500000,17500000,700000,100.0,25.0,100.0,"$700,000",1,0.511,1,2020,0,227-229 E. 59TH ST. ASSOCIATES,C/O: TRI-STAR EQUITIES,155 EAST 26TH STREET,NEW YORK,NY,10010,1,01414,0013,,2021,,581403.0,,,,1002403.0,228766.0,40892.0,55689.0,,4.420782857142857
248,1005070012,2020011601144002.0,8,8,1.0,8000000,8000000,1000000,100.0,8.0,100.0,"$1,000,000",1,1.119,1,2020,0,"248 ELIZABETH, LLC",C/O:. JOHN BRULLO,150 BIONIA AVENUE,STATEN ISLAND,NY,10305,1,00507,0012,,2021,54960.0,97523.0,,,,280683.0,205146.0,34327.0,90160.0,,0.9442125
249,3023070001,2020011400694001.0,234,234,1.0,137750000,137750000,588675,100.0,234.0,100.0,"$588,675",1,0.747,3,2020,0,BRKLYN NY 250 N 10TH STREET OWNER LLC,250 NORTH 10TH STREET,,BROOKLYN,NY,11211,3,02307,0001,,2021,8815976.0,,,,,9305588.0,3008156.0,,295218.0,36047051900.0,4.571638475499093
250,1015290037,2020010300987001.0,20,20,1.0,10192849,10192849,509642,100.0,20.0,100.0,"$509,642",1,0.124,1,2020,0,LITE VIEW LLC,C/O: SKY MANAGEMENT,"226 EAST 54TH STREET, SUITE 402",NEW YORK,NY,10022,1,01529,0037,,2021,4682.0,459380.0,,,,464062.0,104844.0,,50080.0,,3.524215849758983
251,1004090003,2020011300450001.0,15,15,1.0,9080000,9080000,605333,100.0,15.0,100.0,"$605,333",1,0.318,1,2020,0,98 ORCHARD STREET REALTY LLC,C/O: GARY KRIM,"300 EAST 42ND STREET, 14TH FLOOR",NEW YORK,NY,10017,1,00409,0003,,2021,,309530.0,,,,349530.0,148392.0,,14208.0,,2.2151762114537443
252,4006860027,2020011300546001.0,16,16,1.0,2350000,2350000,146875,100.0,16.0,100.0,"$146,875",1,-0.835,4,2020,0,"RIVERS EDGE PROPERTIES, LLC",192 BRAMAN ROAD,,EQUINUNK,PA,18417,4,00686,0027,,2021,220139.0,,,,,220139.0,122480.0,,41578.0,,4.155702127659574
253,1004630017,2020011700070001.0,18,18,1.0,8475000,8475000,470833,100.0,18.0,100.0,"$470,833",1,0.045,1,2020,0,16 SAINT MARKS PLACE LLC,16 SAINT MARKS PLACE,,NEW YORK,NY,10003,1,00463,0017,,2021,121169.0,141966.0,,,,358884.0,298590.0,,126260.0,,0.711433628318584
254,3007480057,2020011900002004.0,17,17,1.0,3500000,3500000,205882,100.0,17.0,100.0,"$205,882",1,-0.447,3,2020,0,545 46TH STREET LLC,1379 CONEY ISLAND AVENUE,,BROOKLYN,NY,11230,3,00748,0057,,2021,257008.0,,,,,257008.0,85080.0,,19187.0,,4.912228571428572
255,1015710002,2020012100773002.0,13,13,1.0,617310,617310,47485,21.66,2.8158,21.66,"$219,231",1,-0.465,1,2020,0,JG BRICKTOWNE LLC,C/O: J. GAULT MANAGEMENT CO. INC.,"251 WEST NYACK ROAD, SUITE D",WEST NYACK,NY,10994,1,01571,0002,,2021,,117154.0,,,,218174.0,147250.0,,60873.0,,11.489203155626832
256,2030500070,2020012701115001.0,89,89,1.0,4463828,4463828,50155,100.0,89.0,100.0,"$50,155",1,-1.512,2,2020,0,HIGHBRIDGE COMMUNITY DEVELOPMENT CORPORATION,1465 NELSON AVENUE,,BRONX,NY,10452,2,03050,0070,,2021,1043885.0,,,,,1058405.0,588764.0,,102631.0,36005038500.0,10.52103710089188
257,1012020019,2020012900452001.0,6,6,1.0,5595000,5595000,932500,100.0,6.0,100.0,"$932,500",1,0.982,1,2020,0,"WHITE, CO EXECUTOR, ELIZABETH",27 HOUTMAN ROAD,,SAUGERTIES,NY,12477,1,01202,0019,,2021,,,24000.0,,,24000.0,52661.0,,7159.0,,-0.5122609472743521
258,1019400055,2020013100770001.0,17,17,1.0,2750000,2750000,161765,100.0,17.0,100.0,"$161,765",1,-0.582,1,2020,0,135 STREET HOLDINGS LLC,"27 EAST 21ST STREET, 6TH FLOOR",,NEW YORK,NY,10010,1,01940,0055,,2021,227641.0,37640.0,,,,265281.0,149329.0,43281.0,18358.0,,4.2164363636363635
